0,255;272;;300rounds;Yes;No;2;0,93258;1;0;0,07501;1,93258;boa-negotiator.boaframework.offeringstrategy.anac2010.Yushu_Offering-negotiator.boaframework.acceptanceconditions.anac2011.AC_NiceTitForTat-negotiator.boaframework.opponentmodel.AgentXFrequencyModel-negotiator.boaframework.omstrategy.TheFawkes_OMS@8;boa-negotiator.boaframework.offeringstrategy.anac2010.Yushu_Offering-negotiator.boaframework.acceptanceconditions.anac2011.AC_NiceTitForTat-negotiator.boaframework.opponentmodel.AgentXFrequencyModel-negotiator.boaframework.omstrategy.TheFawkes_OMS@9;0.932576141327927;1.0;0.932576141327927;1.0;0.932576141327927;1.0;0.0;0.0;0.932576141327927;1.0;movie-profile1.xml;movie-profile2.xml
0,13;155;;300rounds;Yes;No;2;0,93258;1;0;0,07501;1,93258;BoulwareNegotiationParty@10;boa-negotiator.boaframework.offeringstrategy.anac2010.Yushu_Offering-negotiator.boaframework.acceptanceconditions.anac2011.AC_NiceTitForTat-negotiator.boaframework.opponentmodel.AgentXFrequencyModel-negotiator.boaframework.omstrategy.TheFawkes_OMS@11;0.932576141327927;1.0;0.932576141327927;1.0;0.932576141327927;1.0;0.0;0.0;0.932576141327927;1.0;movie-profile1.xml;movie-profile2.xml
0,002;3;;300rounds;Yes;No;2;0,93258;1;0;0,07501;1,93258;ConcederNegotiationParty@12;boa-negotiator.boaframework.offeringstrategy.anac2010.Yushu_Offering-negotiator.boaframework.acceptanceconditions.anac2011.AC_NiceTitForTat-negotiator.boaframework.opponentmodel.AgentXFrequencyModel-negotiator.boaframework.omstrategy.TheFawkes_OMS@13;0.932576141327927;1.0;0.932576141327927;1.0;0.932576141327927;1.0;0.0;0.0;0.932576141327927;1.0;movie-profile1.xml;movie-profile2.xml
0,006;3;;300rounds;Yes;No;2;0,93258;1;0;0,07501;1,93258;BayesianAgent@14;boa-negotiator.boaframework.offeringstrategy.anac2010.Yushu_Offering-negotiator.boaframework.acceptanceconditions.anac2011.AC_NiceTitForTat-negotiator.boaframework.opponentmodel.AgentXFrequencyModel-negotiator.boaframework.omstrategy.TheFawkes_OMS@15;0.932576141327927;1.0;0.932576141327927;1.0;0.0;1.0;0.0;0.0;0.932576141327927;1.0;movie-profile1.xml;movie-profile2.xml
0,109;136;;300rounds;Yes;No;2;0,96713;1;0;0;1,96713;boa-negotiator.boaframework.offeringstrategy.anac2010.Yushu_Offering-negotiator.boaframework.acceptanceconditions.anac2011.AC_NiceTitForTat-negotiator.boaframework.opponentmodel.AgentXFrequencyModel-negotiator.boaframework.omstrategy.TheFawkes_OMS@16;BoulwareNegotiationParty@17;1.0;0.9671281107910649;1.0;0.9671281107910649;1.0;0.9671281107910649;0.0;0.0;1.0;0.9671281107910649;movie-profile1.xml;movie-profile2.xml
0,127;155;;300rounds;Yes;No;2;0,96713;1;0;0;1,96713;BoulwareNegotiationParty@18;BoulwareNegotiationParty@19;1.0;0.9671281107910649;1.0;0.9671281107910649;1.0;0.9671281107910649;0.0;0.0;1.0;0.9671281107910649;movie-profile1.xml;movie-profile2.xml
0,024;8;;300rounds;Yes;No;2;0,93258;1;0;0,07501;1,93258;ConcederNegotiationParty@20;BoulwareNegotiationParty@21;0.932576141327927;1.0;0.932576141327927;1.0;0.932576141327927;1.0;0.0;0.0;0.932576141327927;1.0;movie-profile1.xml;movie-profile2.xml
0,002;3;;300rounds;Yes;No;2;0,93258;1;0;0,07501;1,93258;BayesianAgent@22;BoulwareNegotiationParty@23;0.932576141327927;1.0;0.932576141327927;1.0;0.0;1.0;0.0;0.0;0.932576141327927;1.0;movie-profile1.xml;movie-profile2.xml
0,003;3;;300rounds;Yes;No;2;0,96713;1;0;0;1,96713;boa-negotiator.boaframework.offeringstrategy.anac2010.Yushu_Offering-negotiator.boaframework.acceptanceconditions.anac2011.AC_NiceTitForTat-negotiator.boaframework.opponentmodel.AgentXFrequencyModel-negotiator.boaframework.omstrategy.TheFawkes_OMS@24;ConcederNegotiationParty@25;1.0;0.9671281107910649;1.0;0.9671281107910649;1.0;0.9671281107910649;0.0;0.0;1.0;0.9671281107910649;movie-profile1.xml;movie-profile2.xml
0,002;3;;300rounds;Yes;No;2;0,96713;1;0;0;1,96713;BoulwareNegotiationParty@26;ConcederNegotiationParty@27;1.0;0.9671281107910649;1.0;0.9671281107910649;1.0;0.9671281107910649;0.0;0.0;1.0;0.9671281107910649;movie-profile1.xml;movie-profile2.xml
0,002;3;;300rounds;Yes;No;2;0,93258;1;0;0,07501;1,93258;ConcederNegotiationParty@28;ConcederNegotiationParty@29;0.932576141327927;1.0;0.932576141327927;1.0;0.932576141327927;1.0;0.0;0.0;0.932576141327927;1.0;movie-profile1.xml;movie-profile2.xml
0,003;3;;300rounds;Yes;No;2;0,93258;1;0;0,07501;1,93258;BayesianAgent@30;ConcederNegotiationParty@31;0.932576141327927;1.0;0.932576141327927;1.0;0.0;1.0;0.0;0.0;0.932576141327927;1.0;movie-profile1.xml;movie-profile2.xml
0,002;3;;300rounds;Yes;No;2;0,96713;1;0;0;1,96713;boa-negotiator.boaframework.offeringstrategy.anac2010.Yushu_Offering-negotiator.boaframework.acceptanceconditions.anac2011.AC_NiceTitForTat-negotiator.boaframework.opponentmodel.AgentXFrequencyModel-negotiator.boaframework.omstrategy.TheFawkes_OMS@32;BayesianAgent@33;1.0;0.9671281107910649;1.0;0.9671281107910649;1.0;0.0;0.0;0.0;1.0;0.9671281107910649;movie-profile1.xml;movie-profile2.xml
0,003;3;;300rounds;Yes;No;2;0,96713;1;0;0;1,96713;BoulwareNegotiationParty@34;BayesianAgent@35;1.0;0.9671281107910649;1.0;0.9671281107910649;1.0;0.0;0.0;0.0;1.0;0.9671281107910649;movie-profile1.xml;movie-profile2.xml
0,002;3;;300rounds;Yes;No;2;0,93258;1;0;0,07501;1,93258;ConcederNegotiationParty@36;BayesianAgent@37;0.932576141327927;1.0;0.932576141327927;1.0;0.932576141327927;0.0;0.0;0.0;0.932576141327927;1.0;movie-profile1.xml;movie-profile2.xml
0,002;3;;300rounds;Yes;No;2;0,93258;1;0;0,07501;1,93258;BayesianAgent@38;BayesianAgent@39;0.932576141327927;1.0;0.932576141327927;1.0;0.0;0.0;0.0;0.0;0.932576141327927;1.0;movie-profile1.xml;movie-profile2.xml
0,224;272;;300rounds;Yes;No;2;0,93258;1;0;0,07501;1,93258;boa-negotiator.boaframework.offeringstrategy.anac2010.Yushu_Offering-negotiator.boaframework.acceptanceconditions.anac2011.AC_NiceTitForTat-negotiator.boaframework.opponentmodel.AgentXFrequencyModel-negotiator.boaframework.omstrategy.TheFawkes_OMS@40;boa-negotiator.boaframework.offeringstrategy.anac2010.Yushu_Offering-negotiator.boaframework.acceptanceconditions.anac2011.AC_NiceTitForTat-negotiator.boaframework.opponentmodel.AgentXFrequencyModel-negotiator.boaframework.omstrategy.TheFawkes_OMS@41;0.932576141327927;1.0;0.932576141327927;1.0;0.932576141327927;1.0;0.0;0.0;0.932576141327927;1.0;movie-profile1.xml;movie-profile2.xml
0,129;155;;300rounds;Yes;No;2;0,93258;1;0;0,07501;1,93258;BoulwareNegotiationParty@42;boa-negotiator.boaframework.offeringstrategy.anac2010.Yushu_Offering-negotiator.boaframework.acceptanceconditions.anac2011.AC_NiceTitForTat-negotiator.boaframework.opponentmodel.AgentXFrequencyModel-negotiator.boaframework.omstrategy.TheFawkes_OMS@43;0.932576141327927;1.0;0.932576141327927;1.0;0.932576141327927;1.0;0.0;0.0;0.932576141327927;1.0;movie-profile1.xml;movie-profile2.xml
0,002;3;;300rounds;Yes;No;2;0,93258;1;0;0,07501;1,93258;ConcederNegotiationParty@44;boa-negotiator.boaframework.offeringstrategy.anac2010.Yushu_Offering-negotiator.boaframework.acceptanceconditions.anac2011.AC_NiceTitForTat-negotiator.boaframework.opponentmodel.AgentXFrequencyModel-negotiator.boaframework.omstrategy.TheFawkes_OMS@45;0.932576141327927;1.0;0.932576141327927;1.0;0.932576141327927;1.0;0.0;0.0;0.932576141327927;1.0;movie-profile1.xml;movie-profile2.xml
0,004;3;;300rounds;Yes;No;2;0,93258;1;0;0,07501;1,93258;BayesianAgent@46;boa-negotiator.boaframework.offeringstrategy.anac2010.Yushu_Offering-negotiator.boaframework.acceptanceconditions.anac2011.AC_NiceTitForTat-negotiator.boaframework.opponentmodel.AgentXFrequencyModel-negotiator.boaframework.omstrategy.TheFawkes_OMS@47;0.932576141327927;1.0;0.932576141327927;1.0;0.0;1.0;0.0;0.0;0.932576141327927;1.0;movie-profile1.xml;movie-profile2.xml
0,108;136;;300rounds;Yes;No;2;0,96713;1;0;0;1,96713;boa-negotiator.boaframework.offeringstrategy.anac2010.Yushu_Offering-negotiator.boaframework.acceptanceconditions.anac2011.AC_NiceTitForTat-negotiator.boaframework.opponentmodel.AgentXFrequencyModel-negotiator.boaframework.omstrategy.TheFawkes_OMS@48;BoulwareNegotiationParty@49;1.0;0.9671281107910649;1.0;0.9671281107910649;1.0;0.9671281107910649;0.0;0.0;1.0;0.9671281107910649;movie-profile1.xml;movie-profile2.xml
0,125;155;;300rounds;Yes;No;2;0,96713;1;0;0;1,96713;BoulwareNegotiationParty@50;BoulwareNegotiationParty@51;1.0;0.9671281107910649;1.0;0.9671281107910649;1.0;0.9671281107910649;0.0;0.0;1.0;0.9671281107910649;movie-profile1.xml;movie-profile2.xml
0,006;8;;300rounds;Yes;No;2;0,93258;1;0;0,07501;1,93258;ConcederNegotiationParty@52;BoulwareNegotiationParty@53;0.932576141327927;1.0;0.932576141327927;1.0;0.932576141327927;1.0;0.0;0.0;0.932576141327927;1.0;movie-profile1.xml;movie-profile2.xml
0,002;3;;300rounds;Yes;No;2;0,93258;1;0;0,07501;1,93258;BayesianAgent@54;BoulwareNegotiationParty@55;0.932576141327927;1.0;0.932576141327927;1.0;0.0;1.0;0.0;0.0;0.932576141327927;1.0;movie-profile1.xml;movie-profile2.xml
0,002;3;;300rounds;Yes;No;2;0,96713;1;0;0;1,96713;boa-negotiator.boaframework.offeringstrategy.anac2010.Yushu_Offering-negotiator.boaframework.acceptanceconditions.anac2011.AC_NiceTitForTat-negotiator.boaframework.opponentmodel.AgentXFrequencyModel-negotiator.boaframework.omstrategy.TheFawkes_OMS@56;ConcederNegotiationParty@57;1.0;0.9671281107910649;1.0;0.9671281107910649;1.0;0.9671281107910649;0.0;0.0;1.0;0.9671281107910649;movie-profile1.xml;movie-profile2.xml
0,002;3;;300rounds;Yes;No;2;0,96713;1;0;0;1,96713;BoulwareNegotiationParty@58;ConcederNegotiationParty@59;1.0;0.9671281107910649;1.0;0.9671281107910649;1.0;0.9671281107910649;0.0;0.0;1.0;0.9671281107910649;movie-profile1.xml;movie-profile2.xml
0,003;3;;300rounds;Yes;No;2;0,93258;1;0;0,07501;1,93258;ConcederNegotiationParty@60;ConcederNegotiationParty@61;0.932576141327927;1.0;0.932576141327927;1.0;0.932576141327927;1.0;0.0;0.0;0.932576141327927;1.0;movie-profile1.xml;movie-profile2.xml
0,002;3;;300rounds;Yes;No;2;0,93258;1;0;0,07501;1,93258;BayesianAgent@62;ConcederNegotiationParty@63;0.932576141327927;1.0;0.932576141327927;1.0;0.0;1.0;0.0;0.0;0.932576141327927;1.0;movie-profile1.xml;movie-profile2.xml
0,003;3;;300rounds;Yes;No;2;0,96713;1;0;0;1,96713;boa-negotiator.boaframework.offeringstrategy.anac2010.Yushu_Offering-negotiator.boaframework.acceptanceconditions.anac2011.AC_NiceTitForTat-negotiator.boaframework.opponentmodel.AgentXFrequencyModel-negotiator.boaframework.omstrategy.TheFawkes_OMS@64;BayesianAgent@65;1.0;0.9671281107910649;1.0;0.9671281107910649;1.0;0.0;0.0;0.0;1.0;0.9671281107910649;movie-profile1.xml;movie-profile2.xml
0,002;3;;300rounds;Yes;No;2;0,96713;1;0;0;1,96713;BoulwareNegotiationParty@66;BayesianAgent@67;1.0;0.9671281107910649;1.0;0.9671281107910649;1.0;0.0;0.0;0.0;1.0;0.9671281107910649;movie-profile1.xml;movie-profile2.xml
0,01;3;;300rounds;Yes;No;2;0,93258;1;0;0,07501;1,93258;ConcederNegotiationParty@68;BayesianAgent@69;0.932576141327927;1.0;0.932576141327927;1.0;0.932576141327927;0.0;0.0;0.0;0.932576141327927;1.0;movie-profile1.xml;movie-profile2.xml
0,003;3;;300rounds;Yes;No;2;0,93258;1;0;0,07501;1,93258;BayesianAgent@70;BayesianAgent@71;0.932576141327927;1.0;0.932576141327927;1.0;0.0;0.0;0.0;0.0;0.932576141327927;1.0;movie-profile1.xml;movie-profile2.xml
0,234;272;;300rounds;Yes;No;2;0,93258;1;0;0,07501;1,93258;boa-negotiator.boaframework.offeringstrategy.anac2010.Yushu_Offering-negotiator.boaframework.acceptanceconditions.anac2011.AC_NiceTitForTat-negotiator.boaframework.opponentmodel.AgentXFrequencyModel-negotiator.boaframework.omstrategy.TheFawkes_OMS@72;boa-negotiator.boaframework.offeringstrategy.anac2010.Yushu_Offering-negotiator.boaframework.acceptanceconditions.anac2011.AC_NiceTitForTat-negotiator.boaframework.opponentmodel.AgentXFrequencyModel-negotiator.boaframework.omstrategy.TheFawkes_OMS@73;0.932576141327927;1.0;0.932576141327927;1.0;0.932576141327927;1.0;0.0;0.0;0.932576141327927;1.0;movie-profile1.xml;movie-profile2.xml
0,128;155;;300rounds;Yes;No;2;0,93258;1;0;0,07501;1,93258;BoulwareNegotiationParty@74;boa-negotiator.boaframework.offeringstrategy.anac2010.Yushu_Offering-negotiator.boaframework.acceptanceconditions.anac2011.AC_NiceTitForTat-negotiator.boaframework.opponentmodel.AgentXFrequencyModel-negotiator.boaframework.omstrategy.TheFawkes_OMS@75;0.932576141327927;1.0;0.932576141327927;1.0;0.932576141327927;1.0;0.0;0.0;0.932576141327927;1.0;movie-profile1.xml;movie-profile2.xml
0,002;3;;300rounds;Yes;No;2;0,93258;1;0;0,07501;1,93258;ConcederNegotiationParty@76;boa-negotiator.boaframework.offeringstrategy.anac2010.Yushu_Offering-negotiator.boaframework.acceptanceconditions.anac2011.AC_NiceTitForTat-negotiator.boaframework.opponentmodel.AgentXFrequencyModel-negotiator.boaframework.omstrategy.TheFawkes_OMS@77;0.932576141327927;1.0;0.932576141327927;1.0;0.932576141327927;1.0;0.0;0.0;0.932576141327927;1.0;movie-profile1.xml;movie-profile2.xml
0,003;3;;300rounds;Yes;No;2;0,93258;1;0;0,07501;1,93258;BayesianAgent@78;boa-negotiator.boaframework.offeringstrategy.anac2010.Yushu_Offering-negotiator.boaframework.acceptanceconditions.anac2011.AC_NiceTitForTat-negotiator.boaframework.opponentmodel.AgentXFrequencyModel-negotiator.boaframework.omstrategy.TheFawkes_OMS@79;0.932576141327927;1.0;0.932576141327927;1.0;0.0;1.0;0.0;0.0;0.932576141327927;1.0;movie-profile1.xml;movie-profile2.xml
0,107;136;;300rounds;Yes;No;2;0,96713;1;0;0;1,96713;boa-negotiator.boaframework.offeringstrategy.anac2010.Yushu_Offering-negotiator.boaframework.acceptanceconditions.anac2011.AC_NiceTitForTat-negotiator.boaframework.opponentmodel.AgentXFrequencyModel-negotiator.boaframework.omstrategy.TheFawkes_OMS@80;BoulwareNegotiationParty@81;1.0;0.9671281107910649;1.0;0.9671281107910649;1.0;0.9671281107910649;0.0;0.0;1.0;0.9671281107910649;movie-profile1.xml;movie-profile2.xml
0,129;155;;300rounds;Yes;No;2;0,96713;1;0;0;1,96713;BoulwareNegotiationParty@82;BoulwareNegotiationParty@83;1.0;0.9671281107910649;1.0;0.9671281107910649;1.0;0.9671281107910649;0.0;0.0;1.0;0.9671281107910649;movie-profile1.xml;movie-profile2.xml
0,005;8;;300rounds;Yes;No;2;0,93258;1;0;0,07501;1,93258;ConcederNegotiationParty@84;BoulwareNegotiationParty@85;0.932576141327927;1.0;0.932576141327927;1.0;0.932576141327927;1.0;0.0;0.0;0.932576141327927;1.0;movie-profile1.xml;movie-profile2.xml
0,002;3;;300rounds;Yes;No;2;0,93258;1;0;0,07501;1,93258;BayesianAgent@86;BoulwareNegotiationParty@87;0.932576141327927;1.0;0.932576141327927;1.0;0.0;1.0;0.0;0.0;0.932576141327927;1.0;movie-profile1.xml;movie-profile2.xml
0,002;3;;300rounds;Yes;No;2;0,96713;1;0;0;1,96713;boa-negotiator.boaframework.offeringstrategy.anac2010.Yushu_Offering-negotiator.boaframework.acceptanceconditions.anac2011.AC_NiceTitForTat-negotiator.boaframework.opponentmodel.AgentXFrequencyModel-negotiator.boaframework.omstrategy.TheFawkes_OMS@88;ConcederNegotiationParty@89;1.0;0.9671281107910649;1.0;0.9671281107910649;1.0;0.9671281107910649;0.0;0.0;1.0;0.9671281107910649;movie-profile1.xml;movie-profile2.xml
0,002;3;;300rounds;Yes;No;2;0,96713;1;0;0;1,96713;BoulwareNegotiationParty@90;ConcederNegotiationParty@91;1.0;0.9671281107910649;1.0;0.9671281107910649;1.0;0.9671281107910649;0.0;0.0;1.0;0.9671281107910649;movie-profile1.xml;movie-profile2.xml
0,003;3;;300rounds;Yes;No;2;0,93258;1;0;0,07501;1,93258;ConcederNegotiationParty@92;ConcederNegotiationParty@93;0.932576141327927;1.0;0.932576141327927;1.0;0.932576141327927;1.0;0.0;0.0;0.932576141327927;1.0;movie-profile1.xml;movie-profile2.xml
0,002;3;;300rounds;Yes;No;2;0,93258;1;0;0,07501;1,93258;BayesianAgent@94;ConcederNegotiationParty@95;0.932576141327927;1.0;0.932576141327927;1.0;0.0;1.0;0.0;0.0;0.932576141327927;1.0;movie-profile1.xml;movie-profile2.xml
0,002;3;;300rounds;Yes;No;2;0,96713;1;0;0;1,96713;boa-negotiator.boaframework.offeringstrategy.anac2010.Yushu_Offering-negotiator.boaframework.acceptanceconditions.anac2011.AC_NiceTitForTat-negotiator.boaframework.opponentmodel.AgentXFrequencyModel-negotiator.boaframework.omstrategy.TheFawkes_OMS@96;BayesianAgent@97;1.0;0.9671281107910649;1.0;0.9671281107910649;1.0;0.0;0.0;0.0;1.0;0.9671281107910649;movie-profile1.xml;movie-profile2.xml
0,004;3;;300rounds;Yes;No;2;0,96713;1;0;0;1,96713;BoulwareNegotiationParty@98;BayesianAgent@99;1.0;0.9671281107910649;1.0;0.9671281107910649;1.0;0.0;0.0;0.0;1.0;0.9671281107910649;movie-profile1.xml;movie-profile2.xml
0,003;3;;300rounds;Yes;No;2;0,93258;1;0;0,07501;1,93258;ConcederNegotiationParty@100;BayesianAgent@101;0.932576141327927;1.0;0.932576141327927;1.0;0.932576141327927;0.0;0.0;0.0;0.932576141327927;1.0;movie-profile1.xml;movie-profile2.xml
0,003;3;;300rounds;Yes;No;2;0,93258;1;0;0,07501;1,93258;BayesianAgent@102;BayesianAgent@103;0.932576141327927;1.0;0.932576141327927;1.0;0.0;0.0;0.0;0.0;0.932576141327927;1.0;movie-profile1.xml;movie-profile2.xml
0,231;272;;300rounds;Yes;No;2;0,93258;1;0;0,07501;1,93258;boa-negotiator.boaframework.offeringstrategy.anac2010.Yushu_Offering-negotiator.boaframework.acceptanceconditions.anac2011.AC_NiceTitForTat-negotiator.boaframework.opponentmodel.AgentXFrequencyModel-negotiator.boaframework.omstrategy.TheFawkes_OMS@104;boa-negotiator.boaframework.offeringstrategy.anac2010.Yushu_Offering-negotiator.boaframework.acceptanceconditions.anac2011.AC_NiceTitForTat-negotiator.boaframework.opponentmodel.AgentXFrequencyModel-negotiator.boaframework.omstrategy.TheFawkes_OMS@105;0.932576141327927;1.0;0.932576141327927;1.0;0.932576141327927;1.0;0.0;0.0;0.932576141327927;1.0;movie-profile1.xml;movie-profile2.xml
0,132;155;;300rounds;Yes;No;2;0,93258;1;0;0,07501;1,93258;BoulwareNegotiationParty@106;boa-negotiator.boaframework.offeringstrategy.anac2010.Yushu_Offering-negotiator.boaframework.acceptanceconditions.anac2011.AC_NiceTitForTat-negotiator.boaframework.opponentmodel.AgentXFrequencyModel-negotiator.boaframework.omstrategy.TheFawkes_OMS@107;0.932576141327927;1.0;0.932576141327927;1.0;0.932576141327927;1.0;0.0;0.0;0.932576141327927;1.0;movie-profile1.xml;movie-profile2.xml
0,008;3;;300rounds;Yes;No;2;0,93258;1;0;0,07501;1,93258;ConcederNegotiationParty@108;boa-negotiator.boaframework.offeringstrategy.anac2010.Yushu_Offering-negotiator.boaframework.acceptanceconditions.anac2011.AC_NiceTitForTat-negotiator.boaframework.opponentmodel.AgentXFrequencyModel-negotiator.boaframework.omstrategy.TheFawkes_OMS@109;0.932576141327927;1.0;0.932576141327927;1.0;0.932576141327927;1.0;0.0;0.0;0.932576141327927;1.0;movie-profile1.xml;movie-profile2.xml
0,002;3;;300rounds;Yes;No;2;0,93258;1;0;0,07501;1,93258;BayesianAgent@110;boa-negotiator.boaframework.offeringstrategy.anac2010.Yushu_Offering-negotiator.boaframework.acceptanceconditions.anac2011.AC_NiceTitForTat-negotiator.boaframework.opponentmodel.AgentXFrequencyModel-negotiator.boaframework.omstrategy.TheFawkes_OMS@111;0.932576141327927;1.0;0.932576141327927;1.0;0.0;1.0;0.0;0.0;0.932576141327927;1.0;movie-profile1.xml;movie-profile2.xml
0,115;136;;300rounds;Yes;No;2;0,96713;1;0;0;1,96713;boa-negotiator.boaframework.offeringstrategy.anac2010.Yushu_Offering-negotiator.boaframework.acceptanceconditions.anac2011.AC_NiceTitForTat-negotiator.boaframework.opponentmodel.AgentXFrequencyModel-negotiator.boaframework.omstrategy.TheFawkes_OMS@112;BoulwareNegotiationParty@113;1.0;0.9671281107910649;1.0;0.9671281107910649;1.0;0.9671281107910649;0.0;0.0;1.0;0.9671281107910649;movie-profile1.xml;movie-profile2.xml
0,127;155;;300rounds;Yes;No;2;0,96713;1;0;0;1,96713;BoulwareNegotiationParty@114;BoulwareNegotiationParty@115;1.0;0.9671281107910649;1.0;0.9671281107910649;1.0;0.9671281107910649;0.0;0.0;1.0;0.9671281107910649;movie-profile1.xml;movie-profile2.xml
0,015;8;;300rounds;Yes;No;2;0,93258;1;0;0,07501;1,93258;ConcederNegotiationParty@116;BoulwareNegotiationParty@117;0.932576141327927;1.0;0.932576141327927;1.0;0.932576141327927;1.0;0.0;0.0;0.932576141327927;1.0;movie-profile1.xml;movie-profile2.xml
0,01;3;;300rounds;Yes;No;2;0,93258;1;0;0,07501;1,93258;BayesianAgent@118;BoulwareNegotiationParty@119;0.932576141327927;1.0;0.932576141327927;1.0;0.0;1.0;0.0;0.0;0.932576141327927;1.0;movie-profile1.xml;movie-profile2.xml
0,007;3;;300rounds;Yes;No;2;0,96713;1;0;0;1,96713;boa-negotiator.boaframework.offeringstrategy.anac2010.Yushu_Offering-negotiator.boaframework.acceptanceconditions.anac2011.AC_NiceTitForTat-negotiator.boaframework.opponentmodel.AgentXFrequencyModel-negotiator.boaframework.omstrategy.TheFawkes_OMS@120;ConcederNegotiationParty@121;1.0;0.9671281107910649;1.0;0.9671281107910649;1.0;0.9671281107910649;0.0;0.0;1.0;0.9671281107910649;movie-profile1.xml;movie-profile2.xml
0,003;3;;300rounds;Yes;No;2;0,96713;1;0;0;1,96713;BoulwareNegotiationParty@122;ConcederNegotiationParty@123;1.0;0.9671281107910649;1.0;0.9671281107910649;1.0;0.9671281107910649;0.0;0.0;1.0;0.9671281107910649;movie-profile1.xml;movie-profile2.xml
0,003;3;;300rounds;Yes;No;2;0,93258;1;0;0,07501;1,93258;ConcederNegotiationParty@124;ConcederNegotiationParty@125;0.932576141327927;1.0;0.932576141327927;1.0;0.932576141327927;1.0;0.0;0.0;0.932576141327927;1.0;movie-profile1.xml;movie-profile2.xml
0,003;3;;300rounds;Yes;No;2;0,93258;1;0;0,07501;1,93258;BayesianAgent@126;ConcederNegotiationParty@127;0.932576141327927;1.0;0.932576141327927;1.0;0.0;1.0;0.0;0.0;0.932576141327927;1.0;movie-profile1.xml;movie-profile2.xml
0,003;3;;300rounds;Yes;No;2;0,96713;1;0;0;1,96713;boa-negotiator.boaframework.offeringstrategy.anac2010.Yushu_Offering-negotiator.boaframework.acceptanceconditions.anac2011.AC_NiceTitForTat-negotiator.boaframework.opponentmodel.AgentXFrequencyModel-negotiator.boaframework.omstrategy.TheFawkes_OMS@128;BayesianAgent@129;1.0;0.9671281107910649;1.0;0.9671281107910649;1.0;0.0;0.0;0.0;1.0;0.9671281107910649;movie-profile1.xml;movie-profile2.xml
0,005;3;;300rounds;Yes;No;2;0,96713;1;0;0;1,96713;BoulwareNegotiationParty@130;BayesianAgent@131;1.0;0.9671281107910649;1.0;0.9671281107910649;1.0;0.0;0.0;0.0;1.0;0.9671281107910649;movie-profile1.xml;movie-profile2.xml
0,01;3;;300rounds;Yes;No;2;0,93258;1;0;0,07501;1,93258;ConcederNegotiationParty@132;BayesianAgent@133;0.932576141327927;1.0;0.932576141327927;1.0;0.932576141327927;0.0;0.0;0.0;0.932576141327927;1.0;movie-profile1.xml;movie-profile2.xml
0,003;3;;300rounds;Yes;No;2;0,93258;1;0;0,07501;1,93258;BayesianAgent@134;BayesianAgent@135;0.932576141327927;1.0;0.932576141327927;1.0;0.0;0.0;0.0;0.0;0.932576141327927;1.0;movie-profile1.xml;movie-profile2.xml
0,245;272;;300rounds;Yes;No;2;0,93258;1;0;0,07501;1,93258;boa-negotiator.boaframework.offeringstrategy.anac2010.Yushu_Offering-negotiator.boaframework.acceptanceconditions.anac2011.AC_NiceTitForTat-negotiator.boaframework.opponentmodel.AgentXFrequencyModel-negotiator.boaframework.omstrategy.TheFawkes_OMS@136;boa-negotiator.boaframework.offeringstrategy.anac2010.Yushu_Offering-negotiator.boaframework.acceptanceconditions.anac2011.AC_NiceTitForTat-negotiator.boaframework.opponentmodel.AgentXFrequencyModel-negotiator.boaframework.omstrategy.TheFawkes_OMS@137;0.932576141327927;1.0;0.932576141327927;1.0;0.932576141327927;1.0;0.0;0.0;0.932576141327927;1.0;movie-profile1.xml;movie-profile2.xml
0,152;155;;300rounds;Yes;No;2;0,93258;1;0;0,07501;1,93258;BoulwareNegotiationParty@138;boa-negotiator.boaframework.offeringstrategy.anac2010.Yushu_Offering-negotiator.boaframework.acceptanceconditions.anac2011.AC_NiceTitForTat-negotiator.boaframework.opponentmodel.AgentXFrequencyModel-negotiator.boaframework.omstrategy.TheFawkes_OMS@139;0.932576141327927;1.0;0.932576141327927;1.0;0.932576141327927;1.0;0.0;0.0;0.932576141327927;1.0;movie-profile1.xml;movie-profile2.xml
0,003;3;;300rounds;Yes;No;2;0,93258;1;0;0,07501;1,93258;ConcederNegotiationParty@140;boa-negotiator.boaframework.offeringstrategy.anac2010.Yushu_Offering-negotiator.boaframework.acceptanceconditions.anac2011.AC_NiceTitForTat-negotiator.boaframework.opponentmodel.AgentXFrequencyModel-negotiator.boaframework.omstrategy.TheFawkes_OMS@141;0.932576141327927;1.0;0.932576141327927;1.0;0.932576141327927;1.0;0.0;0.0;0.932576141327927;1.0;movie-profile1.xml;movie-profile2.xml
0,002;3;;300rounds;Yes;No;2;0,93258;1;0;0,07501;1,93258;BayesianAgent@142;boa-negotiator.boaframework.offeringstrategy.anac2010.Yushu_Offering-negotiator.boaframework.acceptanceconditions.anac2011.AC_NiceTitForTat-negotiator.boaframework.opponentmodel.AgentXFrequencyModel-negotiator.boaframework.omstrategy.TheFawkes_OMS@143;0.932576141327927;1.0;0.932576141327927;1.0;0.0;1.0;0.0;0.0;0.932576141327927;1.0;movie-profile1.xml;movie-profile2.xml
0,125;136;;300rounds;Yes;No;2;0,96713;1;0;0;1,96713;boa-negotiator.boaframework.offeringstrategy.anac2010.Yushu_Offering-negotiator.boaframework.acceptanceconditions.anac2011.AC_NiceTitForTat-negotiator.boaframework.opponentmodel.AgentXFrequencyModel-negotiator.boaframework.omstrategy.TheFawkes_OMS@144;BoulwareNegotiationParty@145;1.0;0.9671281107910649;1.0;0.9671281107910649;1.0;0.9671281107910649;0.0;0.0;1.0;0.9671281107910649;movie-profile1.xml;movie-profile2.xml
0,137;155;;300rounds;Yes;No;2;0,96713;1;0;0;1,96713;BoulwareNegotiationParty@146;BoulwareNegotiationParty@147;1.0;0.9671281107910649;1.0;0.9671281107910649;1.0;0.9671281107910649;0.0;0.0;1.0;0.9671281107910649;movie-profile1.xml;movie-profile2.xml
0,01;8;;300rounds;Yes;No;2;0,93258;1;0;0,07501;1,93258;ConcederNegotiationParty@148;BoulwareNegotiationParty@149;0.932576141327927;1.0;0.932576141327927;1.0;0.932576141327927;1.0;0.0;0.0;0.932576141327927;1.0;movie-profile1.xml;movie-profile2.xml
0,002;3;;300rounds;Yes;No;2;0,93258;1;0;0,07501;1,93258;BayesianAgent@150;BoulwareNegotiationParty@151;0.932576141327927;1.0;0.932576141327927;1.0;0.0;1.0;0.0;0.0;0.932576141327927;1.0;movie-profile1.xml;movie-profile2.xml
0,002;3;;300rounds;Yes;No;2;0,96713;1;0;0;1,96713;boa-negotiator.boaframework.offeringstrategy.anac2010.Yushu_Offering-negotiator.boaframework.acceptanceconditions.anac2011.AC_NiceTitForTat-negotiator.boaframework.opponentmodel.AgentXFrequencyModel-negotiator.boaframework.omstrategy.TheFawkes_OMS@152;ConcederNegotiationParty@153;1.0;0.9671281107910649;1.0;0.9671281107910649;1.0;0.9671281107910649;0.0;0.0;1.0;0.9671281107910649;movie-profile1.xml;movie-profile2.xml
0,004;3;;300rounds;Yes;No;2;0,96713;1;0;0;1,96713;BoulwareNegotiationParty@154;ConcederNegotiationParty@155;1.0;0.9671281107910649;1.0;0.9671281107910649;1.0;0.9671281107910649;0.0;0.0;1.0;0.9671281107910649;movie-profile1.xml;movie-profile2.xml
0,005;3;;300rounds;Yes;No;2;0,93258;1;0;0,07501;1,93258;ConcederNegotiationParty@156;ConcederNegotiationParty@157;0.932576141327927;1.0;0.932576141327927;1.0;0.932576141327927;1.0;0.0;0.0;0.932576141327927;1.0;movie-profile1.xml;movie-profile2.xml
0,01;3;;300rounds;Yes;No;2;0,93258;1;0;0,07501;1,93258;BayesianAgent@158;ConcederNegotiationParty@159;0.932576141327927;1.0;0.932576141327927;1.0;0.0;1.0;0.0;0.0;0.932576141327927;1.0;movie-profile1.xml;movie-profile2.xml
0,003;3;;300rounds;Yes;No;2;0,96713;1;0;0;1,96713;boa-negotiator.boaframework.offeringstrategy.anac2010.Yushu_Offering-negotiator.boaframework.acceptanceconditions.anac2011.AC_NiceTitForTat-negotiator.boaframework.opponentmodel.AgentXFrequencyModel-negotiator.boaframework.omstrategy.TheFawkes_OMS@160;BayesianAgent@161;1.0;0.9671281107910649;1.0;0.9671281107910649;1.0;0.0;0.0;0.0;1.0;0.9671281107910649;movie-profile1.xml;movie-profile2.xml
0,005;3;;300rounds;Yes;No;2;0,96713;1;0;0;1,96713;BoulwareNegotiationParty@162;BayesianAgent@163;1.0;0.9671281107910649;1.0;0.9671281107910649;1.0;0.0;0.0;0.0;1.0;0.9671281107910649;movie-profile1.xml;movie-profile2.xml
0,01;3;;300rounds;Yes;No;2;0,93258;1;0;0,07501;1,93258;ConcederNegotiationParty@164;BayesianAgent@165;0.932576141327927;1.0;0.932576141327927;1.0;0.932576141327927;0.0;0.0;0.0;0.932576141327927;1.0;movie-profile1.xml;movie-profile2.xml
0,007;3;;300rounds;Yes;No;2;0,93258;1;0;0,07501;1,93258;BayesianAgent@166;BayesianAgent@167;0.932576141327927;1.0;0.932576141327927;1.0;0.0;0.0;0.0;0.0;0.932576141327927;1.0;movie-profile1.xml;movie-profile2.xml
0,279;272;;300rounds;Yes;No;2;0,93258;1;0;0,07501;1,93258;boa-negotiator.boaframework.offeringstrategy.anac2010.Yushu_Offering-negotiator.boaframework.acceptanceconditions.anac2011.AC_NiceTitForTat-negotiator.boaframework.opponentmodel.AgentXFrequencyModel-negotiator.boaframework.omstrategy.TheFawkes_OMS@168;boa-negotiator.boaframework.offeringstrategy.anac2010.Yushu_Offering-negotiator.boaframework.acceptanceconditions.anac2011.AC_NiceTitForTat-negotiator.boaframework.opponentmodel.AgentXFrequencyModel-negotiator.boaframework.omstrategy.TheFawkes_OMS@169;0.932576141327927;1.0;0.932576141327927;1.0;0.932576141327927;1.0;0.0;0.0;0.932576141327927;1.0;movie-profile1.xml;movie-profile2.xml
0,136;155;;300rounds;Yes;No;2;0,93258;1;0;0,07501;1,93258;BoulwareNegotiationParty@170;boa-negotiator.boaframework.offeringstrategy.anac2010.Yushu_Offering-negotiator.boaframework.acceptanceconditions.anac2011.AC_NiceTitForTat-negotiator.boaframework.opponentmodel.AgentXFrequencyModel-negotiator.boaframework.omstrategy.TheFawkes_OMS@171;0.932576141327927;1.0;0.932576141327927;1.0;0.932576141327927;1.0;0.0;0.0;0.932576141327927;1.0;movie-profile1.xml;movie-profile2.xml
0,009;3;;300rounds;Yes;No;2;0,93258;1;0;0,07501;1,93258;ConcederNegotiationParty@172;boa-negotiator.boaframework.offeringstrategy.anac2010.Yushu_Offering-negotiator.boaframework.acceptanceconditions.anac2011.AC_NiceTitForTat-negotiator.boaframework.opponentmodel.AgentXFrequencyModel-negotiator.boaframework.omstrategy.TheFawkes_OMS@173;0.932576141327927;1.0;0.932576141327927;1.0;0.932576141327927;1.0;0.0;0.0;0.932576141327927;1.0;movie-profile1.xml;movie-profile2.xml
0,003;3;;300rounds;Yes;No;2;0,93258;1;0;0,07501;1,93258;BayesianAgent@174;boa-negotiator.boaframework.offeringstrategy.anac2010.Yushu_Offering-negotiator.boaframework.acceptanceconditions.anac2011.AC_NiceTitForTat-negotiator.boaframework.opponentmodel.AgentXFrequencyModel-negotiator.boaframework.omstrategy.TheFawkes_OMS@175;0.932576141327927;1.0;0.932576141327927;1.0;0.0;1.0;0.0;0.0;0.932576141327927;1.0;movie-profile1.xml;movie-profile2.xml
0,126;136;;300rounds;Yes;No;2;0,96713;1;0;0;1,96713;boa-negotiator.boaframework.offeringstrategy.anac2010.Yushu_Offering-negotiator.boaframework.acceptanceconditions.anac2011.AC_NiceTitForTat-negotiator.boaframework.opponentmodel.AgentXFrequencyModel-negotiator.boaframework.omstrategy.TheFawkes_OMS@176;BoulwareNegotiationParty@177;1.0;0.9671281107910649;1.0;0.9671281107910649;1.0;0.9671281107910649;0.0;0.0;1.0;0.9671281107910649;movie-profile1.xml;movie-profile2.xml
0,13;155;;300rounds;Yes;No;2;0,96713;1;0;0;1,96713;BoulwareNegotiationParty@178;BoulwareNegotiationParty@179;1.0;0.9671281107910649;1.0;0.9671281107910649;1.0;0.9671281107910649;0.0;0.0;1.0;0.9671281107910649;movie-profile1.xml;movie-profile2.xml
0,018;8;;300rounds;Yes;No;2;0,93258;1;0;0,07501;1,93258;ConcederNegotiationParty@180;BoulwareNegotiationParty@181;0.932576141327927;1.0;0.932576141327927;1.0;0.932576141327927;1.0;0.0;0.0;0.932576141327927;1.0;movie-profile1.xml;movie-profile2.xml
0,002;3;;300rounds;Yes;No;2;0,93258;1;0;0,07501;1,93258;BayesianAgent@182;BoulwareNegotiationParty@183;0.932576141327927;1.0;0.932576141327927;1.0;0.0;1.0;0.0;0.0;0.932576141327927;1.0;movie-profile1.xml;movie-profile2.xml
0,002;3;;300rounds;Yes;No;2;0,96713;1;0;0;1,96713;boa-negotiator.boaframework.offeringstrategy.anac2010.Yushu_Offering-negotiator.boaframework.acceptanceconditions.anac2011.AC_NiceTitForTat-negotiator.boaframework.opponentmodel.AgentXFrequencyModel-negotiator.boaframework.omstrategy.TheFawkes_OMS@184;ConcederNegotiationParty@185;1.0;0.9671281107910649;1.0;0.9671281107910649;1.0;0.9671281107910649;0.0;0.0;1.0;0.9671281107910649;movie-profile1.xml;movie-profile2.xml
0,004;3;;300rounds;Yes;No;2;0,96713;1;0;0;1,96713;BoulwareNegotiationParty@186;ConcederNegotiationParty@187;1.0;0.9671281107910649;1.0;0.9671281107910649;1.0;0.9671281107910649;0.0;0.0;1.0;0.9671281107910649;movie-profile1.xml;movie-profile2.xml
0,004;3;;300rounds;Yes;No;2;0,93258;1;0;0,07501;1,93258;ConcederNegotiationParty@188;ConcederNegotiationParty@189;0.932576141327927;1.0;0.932576141327927;1.0;0.932576141327927;1.0;0.0;0.0;0.932576141327927;1.0;movie-profile1.xml;movie-profile2.xml
0,006;3;;300rounds;Yes;No;2;0,93258;1;0;0,07501;1,93258;BayesianAgent@190;ConcederNegotiationParty@191;0.932576141327927;1.0;0.932576141327927;1.0;0.0;1.0;0.0;0.0;0.932576141327927;1.0;movie-profile1.xml;movie-profile2.xml
0,003;3;;300rounds;Yes;No;2;0,96713;1;0;0;1,96713;boa-negotiator.boaframework.offeringstrategy.anac2010.Yushu_Offering-negotiator.boaframework.acceptanceconditions.anac2011.AC_NiceTitForTat-negotiator.boaframework.opponentmodel.AgentXFrequencyModel-negotiator.boaframework.omstrategy.TheFawkes_OMS@192;BayesianAgent@193;1.0;0.9671281107910649;1.0;0.9671281107910649;1.0;0.0;0.0;0.0;1.0;0.9671281107910649;movie-profile1.xml;movie-profile2.xml
0,008;3;;300rounds;Yes;No;2;0,96713;1;0;0;1,96713;BoulwareNegotiationParty@194;BayesianAgent@195;1.0;0.9671281107910649;1.0;0.9671281107910649;1.0;0.0;0.0;0.0;1.0;0.9671281107910649;movie-profile1.xml;movie-profile2.xml
0,016;3;;300rounds;Yes;No;2;0,93258;1;0;0,07501;1,93258;ConcederNegotiationParty@196;BayesianAgent@197;0.932576141327927;1.0;0.932576141327927;1.0;0.932576141327927;0.0;0.0;0.0;0.932576141327927;1.0;movie-profile1.xml;movie-profile2.xml
0,003;3;;300rounds;Yes;No;2;0,93258;1;0;0,07501;1,93258;BayesianAgent@198;BayesianAgent@199;0.932576141327927;1.0;0.932576141327927;1.0;0.0;0.0;0.0;0.0;0.932576141327927;1.0;movie-profile1.xml;movie-profile2.xml
0,271;272;;300rounds;Yes;No;2;0,93258;1;0;0,07501;1,93258;boa-negotiator.boaframework.offeringstrategy.anac2010.Yushu_Offering-negotiator.boaframework.acceptanceconditions.anac2011.AC_NiceTitForTat-negotiator.boaframework.opponentmodel.AgentXFrequencyModel-negotiator.boaframework.omstrategy.TheFawkes_OMS@200;boa-negotiator.boaframework.offeringstrategy.anac2010.Yushu_Offering-negotiator.boaframework.acceptanceconditions.anac2011.AC_NiceTitForTat-negotiator.boaframework.opponentmodel.AgentXFrequencyModel-negotiator.boaframework.omstrategy.TheFawkes_OMS@201;0.932576141327927;1.0;0.932576141327927;1.0;0.932576141327927;1.0;0.0;0.0;0.932576141327927;1.0;movie-profile1.xml;movie-profile2.xml
0,168;155;;300rounds;Yes;No;2;0,93258;1;0;0,07501;1,93258;BoulwareNegotiationParty@202;boa-negotiator.boaframework.offeringstrategy.anac2010.Yushu_Offering-negotiator.boaframework.acceptanceconditions.anac2011.AC_NiceTitForTat-negotiator.boaframework.opponentmodel.AgentXFrequencyModel-negotiator.boaframework.omstrategy.TheFawkes_OMS@203;0.932576141327927;1.0;0.932576141327927;1.0;0.932576141327927;1.0;0.0;0.0;0.932576141327927;1.0;movie-profile1.xml;movie-profile2.xml
0,006;3;;300rounds;Yes;No;2;0,93258;1;0;0,07501;1,93258;ConcederNegotiationParty@204;boa-negotiator.boaframework.offeringstrategy.anac2010.Yushu_Offering-negotiator.boaframework.acceptanceconditions.anac2011.AC_NiceTitForTat-negotiator.boaframework.opponentmodel.AgentXFrequencyModel-negotiator.boaframework.omstrategy.TheFawkes_OMS@205;0.932576141327927;1.0;0.932576141327927;1.0;0.932576141327927;1.0;0.0;0.0;0.932576141327927;1.0;movie-profile1.xml;movie-profile2.xml
0,008;3;;300rounds;Yes;No;2;0,93258;1;0;0,07501;1,93258;BayesianAgent@206;boa-negotiator.boaframework.offeringstrategy.anac2010.Yushu_Offering-negotiator.boaframework.acceptanceconditions.anac2011.AC_NiceTitForTat-negotiator.boaframework.opponentmodel.AgentXFrequencyModel-negotiator.boaframework.omstrategy.TheFawkes_OMS@207;0.932576141327927;1.0;0.932576141327927;1.0;0.0;1.0;0.0;0.0;0.932576141327927;1.0;movie-profile1.xml;movie-profile2.xml
0,141;136;;300rounds;Yes;No;2;0,96713;1;0;0;1,96713;boa-negotiator.boaframework.offeringstrategy.anac2010.Yushu_Offering-negotiator.boaframework.acceptanceconditions.anac2011.AC_NiceTitForTat-negotiator.boaframework.opponentmodel.AgentXFrequencyModel-negotiator.boaframework.omstrategy.TheFawkes_OMS@208;BoulwareNegotiationParty@209;1.0;0.9671281107910649;1.0;0.9671281107910649;1.0;0.9671281107910649;0.0;0.0;1.0;0.9671281107910649;movie-profile1.xml;movie-profile2.xml
0,149;155;;300rounds;Yes;No;2;0,96713;1;0;0;1,96713;BoulwareNegotiationParty@210;BoulwareNegotiationParty@211;1.0;0.9671281107910649;1.0;0.9671281107910649;1.0;0.9671281107910649;0.0;0.0;1.0;0.9671281107910649;movie-profile1.xml;movie-profile2.xml
0,029;8;;300rounds;Yes;No;2;0,93258;1;0;0,07501;1,93258;ConcederNegotiationParty@212;BoulwareNegotiationParty@213;0.932576141327927;1.0;0.932576141327927;1.0;0.932576141327927;1.0;0.0;0.0;0.932576141327927;1.0;movie-profile1.xml;movie-profile2.xml
0,002;3;;300rounds;Yes;No;2;0,93258;1;0;0,07501;1,93258;BayesianAgent@214;BoulwareNegotiationParty@215;0.932576141327927;1.0;0.932576141327927;1.0;0.0;1.0;0.0;0.0;0.932576141327927;1.0;movie-profile1.xml;movie-profile2.xml
0,002;3;;300rounds;Yes;No;2;0,96713;1;0;0;1,96713;boa-negotiator.boaframework.offeringstrategy.anac2010.Yushu_Offering-negotiator.boaframework.acceptanceconditions.anac2011.AC_NiceTitForTat-negotiator.boaframework.opponentmodel.AgentXFrequencyModel-negotiator.boaframework.omstrategy.TheFawkes_OMS@216;ConcederNegotiationParty@217;1.0;0.9671281107910649;1.0;0.9671281107910649;1.0;0.9671281107910649;0.0;0.0;1.0;0.9671281107910649;movie-profile1.xml;movie-profile2.xml
0,005;3;;300rounds;Yes;No;2;0,96713;1;0;0;1,96713;BoulwareNegotiationParty@218;ConcederNegotiationParty@219;1.0;0.9671281107910649;1.0;0.9671281107910649;1.0;0.9671281107910649;0.0;0.0;1.0;0.9671281107910649;movie-profile1.xml;movie-profile2.xml
0,003;3;;300rounds;Yes;No;2;0,93258;1;0;0,07501;1,93258;ConcederNegotiationParty@220;ConcederNegotiationParty@221;0.932576141327927;1.0;0.932576141327927;1.0;0.932576141327927;1.0;0.0;0.0;0.932576141327927;1.0;movie-profile1.xml;movie-profile2.xml
0,002;3;;300rounds;Yes;No;2;0,93258;1;0;0,07501;1,93258;BayesianAgent@222;ConcederNegotiationParty@223;0.932576141327927;1.0;0.932576141327927;1.0;0.0;1.0;0.0;0.0;0.932576141327927;1.0;movie-profile1.xml;movie-profile2.xml
0,003;3;;300rounds;Yes;No;2;0,96713;1;0;0;1,96713;boa-negotiator.boaframework.offeringstrategy.anac2010.Yushu_Offering-negotiator.boaframework.acceptanceconditions.anac2011.AC_NiceTitForTat-negotiator.boaframework.opponentmodel.AgentXFrequencyModel-negotiator.boaframework.omstrategy.TheFawkes_OMS@224;BayesianAgent@225;1.0;0.9671281107910649;1.0;0.9671281107910649;1.0;0.0;0.0;0.0;1.0;0.9671281107910649;movie-profile1.xml;movie-profile2.xml
0,003;3;;300rounds;Yes;No;2;0,96713;1;0;0;1,96713;BoulwareNegotiationParty@226;BayesianAgent@227;1.0;0.9671281107910649;1.0;0.9671281107910649;1.0;0.0;0.0;0.0;1.0;0.9671281107910649;movie-profile1.xml;movie-profile2.xml
0,003;3;;300rounds;Yes;No;2;0,93258;1;0;0,07501;1,93258;ConcederNegotiationParty@228;BayesianAgent@229;0.932576141327927;1.0;0.932576141327927;1.0;0.932576141327927;0.0;0.0;0.0;0.932576141327927;1.0;movie-profile1.xml;movie-profile2.xml
0,002;3;;300rounds;Yes;No;2;0,93258;1;0;0,07501;1,93258;BayesianAgent@230;BayesianAgent@231;0.932576141327927;1.0;0.932576141327927;1.0;0.0;0.0;0.0;0.0;0.932576141327927;1.0;movie-profile1.xml;movie-profile2.xml
0,296;272;;300rounds;Yes;No;2;0,93258;1;0;0,07501;1,93258;boa-negotiator.boaframework.offeringstrategy.anac2010.Yushu_Offering-negotiator.boaframework.acceptanceconditions.anac2011.AC_NiceTitForTat-negotiator.boaframework.opponentmodel.AgentXFrequencyModel-negotiator.boaframework.omstrategy.TheFawkes_OMS@232;boa-negotiator.boaframework.offeringstrategy.anac2010.Yushu_Offering-negotiator.boaframework.acceptanceconditions.anac2011.AC_NiceTitForTat-negotiator.boaframework.opponentmodel.AgentXFrequencyModel-negotiator.boaframework.omstrategy.TheFawkes_OMS@233;0.932576141327927;1.0;0.932576141327927;1.0;0.932576141327927;1.0;0.0;0.0;0.932576141327927;1.0;movie-profile1.xml;movie-profile2.xml
0,209;155;;300rounds;Yes;No;2;0,93258;1;0;0,07501;1,93258;BoulwareNegotiationParty@234;boa-negotiator.boaframework.offeringstrategy.anac2010.Yushu_Offering-negotiator.boaframework.acceptanceconditions.anac2011.AC_NiceTitForTat-negotiator.boaframework.opponentmodel.AgentXFrequencyModel-negotiator.boaframework.omstrategy.TheFawkes_OMS@235;0.932576141327927;1.0;0.932576141327927;1.0;0.932576141327927;1.0;0.0;0.0;0.932576141327927;1.0;movie-profile1.xml;movie-profile2.xml
0,013;3;;300rounds;Yes;No;2;0,93258;1;0;0,07501;1,93258;ConcederNegotiationParty@236;boa-negotiator.boaframework.offeringstrategy.anac2010.Yushu_Offering-negotiator.boaframework.acceptanceconditions.anac2011.AC_NiceTitForTat-negotiator.boaframework.opponentmodel.AgentXFrequencyModel-negotiator.boaframework.omstrategy.TheFawkes_OMS@237;0.932576141327927;1.0;0.932576141327927;1.0;0.932576141327927;1.0;0.0;0.0;0.932576141327927;1.0;movie-profile1.xml;movie-profile2.xml
0,006;3;;300rounds;Yes;No;2;0,93258;1;0;0,07501;1,93258;BayesianAgent@238;boa-negotiator.boaframework.offeringstrategy.anac2010.Yushu_Offering-negotiator.boaframework.acceptanceconditions.anac2011.AC_NiceTitForTat-negotiator.boaframework.opponentmodel.AgentXFrequencyModel-negotiator.boaframework.omstrategy.TheFawkes_OMS@239;0.932576141327927;1.0;0.932576141327927;1.0;0.0;1.0;0.0;0.0;0.932576141327927;1.0;movie-profile1.xml;movie-profile2.xml
0,178;136;;300rounds;Yes;No;2;0,96713;1;0;0;1,96713;boa-negotiator.boaframework.offeringstrategy.anac2010.Yushu_Offering-negotiator.boaframework.acceptanceconditions.anac2011.AC_NiceTitForTat-negotiator.boaframework.opponentmodel.AgentXFrequencyModel-negotiator.boaframework.omstrategy.TheFawkes_OMS@240;BoulwareNegotiationParty@241;1.0;0.9671281107910649;1.0;0.9671281107910649;1.0;0.9671281107910649;0.0;0.0;1.0;0.9671281107910649;movie-profile1.xml;movie-profile2.xml
0,172;155;;300rounds;Yes;No;2;0,96713;1;0;0;1,96713;BoulwareNegotiationParty@242;BoulwareNegotiationParty@243;1.0;0.9671281107910649;1.0;0.9671281107910649;1.0;0.9671281107910649;0.0;0.0;1.0;0.9671281107910649;movie-profile1.xml;movie-profile2.xml
0,013;8;;300rounds;Yes;No;2;0,93258;1;0;0,07501;1,93258;ConcederNegotiationParty@244;BoulwareNegotiationParty@245;0.932576141327927;1.0;0.932576141327927;1.0;0.932576141327927;1.0;0.0;0.0;0.932576141327927;1.0;movie-profile1.xml;movie-profile2.xml
0,003;3;;300rounds;Yes;No;2;0,93258;1;0;0,07501;1,93258;BayesianAgent@246;BoulwareNegotiationParty@247;0.932576141327927;1.0;0.932576141327927;1.0;0.0;1.0;0.0;0.0;0.932576141327927;1.0;movie-profile1.xml;movie-profile2.xml
0,038;3;;300rounds;Yes;No;2;0,96713;1;0;0;1,96713;boa-negotiator.boaframework.offeringstrategy.anac2010.Yushu_Offering-negotiator.boaframework.acceptanceconditions.anac2011.AC_NiceTitForTat-negotiator.boaframework.opponentmodel.AgentXFrequencyModel-negotiator.boaframework.omstrategy.TheFawkes_OMS@248;ConcederNegotiationParty@249;1.0;0.9671281107910649;1.0;0.9671281107910649;1.0;0.9671281107910649;0.0;0.0;1.0;0.9671281107910649;movie-profile1.xml;movie-profile2.xml
0,01;3;;300rounds;Yes;No;2;0,96713;1;0;0;1,96713;BoulwareNegotiationParty@250;ConcederNegotiationParty@251;1.0;0.9671281107910649;1.0;0.9671281107910649;1.0;0.9671281107910649;0.0;0.0;1.0;0.9671281107910649;movie-profile1.xml;movie-profile2.xml
0,009;3;;300rounds;Yes;No;2;0,93258;1;0;0,07501;1,93258;ConcederNegotiationParty@252;ConcederNegotiationParty@253;0.932576141327927;1.0;0.932576141327927;1.0;0.932576141327927;1.0;0.0;0.0;0.932576141327927;1.0;movie-profile1.xml;movie-profile2.xml
0,009;3;;300rounds;Yes;No;2;0,93258;1;0;0,07501;1,93258;BayesianAgent@254;ConcederNegotiationParty@255;0.932576141327927;1.0;0.932576141327927;1.0;0.0;1.0;0.0;0.0;0.932576141327927;1.0;movie-profile1.xml;movie-profile2.xml
0,024;3;;300rounds;Yes;No;2;0,96713;1;0;0;1,96713;boa-negotiator.boaframework.offeringstrategy.anac2010.Yushu_Offering-negotiator.boaframework.acceptanceconditions.anac2011.AC_NiceTitForTat-negotiator.boaframework.opponentmodel.AgentXFrequencyModel-negotiator.boaframework.omstrategy.TheFawkes_OMS@256;BayesianAgent@257;1.0;0.9671281107910649;1.0;0.9671281107910649;1.0;0.0;0.0;0.0;1.0;0.9671281107910649;movie-profile1.xml;movie-profile2.xml
0,008;3;;300rounds;Yes;No;2;0,96713;1;0;0;1,96713;BoulwareNegotiationParty@258;BayesianAgent@259;1.0;0.9671281107910649;1.0;0.9671281107910649;1.0;0.0;0.0;0.0;1.0;0.9671281107910649;movie-profile1.xml;movie-profile2.xml
0,013;3;;300rounds;Yes;No;2;0,93258;1;0;0,07501;1,93258;ConcederNegotiationParty@260;BayesianAgent@261;0.932576141327927;1.0;0.932576141327927;1.0;0.932576141327927;0.0;0.0;0.0;0.932576141327927;1.0;movie-profile1.xml;movie-profile2.xml
0,008;3;;300rounds;Yes;No;2;0,93258;1;0;0,07501;1,93258;BayesianAgent@262;BayesianAgent@263;0.932576141327927;1.0;0.932576141327927;1.0;0.0;0.0;0.0;0.0;0.932576141327927;1.0;movie-profile1.xml;movie-profile2.xml
0,426;272;;300rounds;Yes;No;2;0,93258;1;0;0,07501;1,93258;boa-negotiator.boaframework.offeringstrategy.anac2010.Yushu_Offering-negotiator.boaframework.acceptanceconditions.anac2011.AC_NiceTitForTat-negotiator.boaframework.opponentmodel.AgentXFrequencyModel-negotiator.boaframework.omstrategy.TheFawkes_OMS@264;boa-negotiator.boaframework.offeringstrategy.anac2010.Yushu_Offering-negotiator.boaframework.acceptanceconditions.anac2011.AC_NiceTitForTat-negotiator.boaframework.opponentmodel.AgentXFrequencyModel-negotiator.boaframework.omstrategy.TheFawkes_OMS@265;0.932576141327927;1.0;0.932576141327927;1.0;0.932576141327927;1.0;0.0;0.0;0.932576141327927;1.0;movie-profile1.xml;movie-profile2.xml
0,194;155;;300rounds;Yes;No;2;0,93258;1;0;0,07501;1,93258;BoulwareNegotiationParty@266;boa-negotiator.boaframework.offeringstrategy.anac2010.Yushu_Offering-negotiator.boaframework.acceptanceconditions.anac2011.AC_NiceTitForTat-negotiator.boaframework.opponentmodel.AgentXFrequencyModel-negotiator.boaframework.omstrategy.TheFawkes_OMS@267;0.932576141327927;1.0;0.932576141327927;1.0;0.932576141327927;1.0;0.0;0.0;0.932576141327927;1.0;movie-profile1.xml;movie-profile2.xml
0,004;3;;300rounds;Yes;No;2;0,93258;1;0;0,07501;1,93258;ConcederNegotiationParty@268;boa-negotiator.boaframework.offeringstrategy.anac2010.Yushu_Offering-negotiator.boaframework.acceptanceconditions.anac2011.AC_NiceTitForTat-negotiator.boaframework.opponentmodel.AgentXFrequencyModel-negotiator.boaframework.omstrategy.TheFawkes_OMS@269;0.932576141327927;1.0;0.932576141327927;1.0;0.932576141327927;1.0;0.0;0.0;0.932576141327927;1.0;movie-profile1.xml;movie-profile2.xml
0,011;3;;300rounds;Yes;No;2;0,93258;1;0;0,07501;1,93258;BayesianAgent@270;boa-negotiator.boaframework.offeringstrategy.anac2010.Yushu_Offering-negotiator.boaframework.acceptanceconditions.anac2011.AC_NiceTitForTat-negotiator.boaframework.opponentmodel.AgentXFrequencyModel-negotiator.boaframework.omstrategy.TheFawkes_OMS@271;0.932576141327927;1.0;0.932576141327927;1.0;0.0;1.0;0.0;0.0;0.932576141327927;1.0;movie-profile1.xml;movie-profile2.xml
0,152;136;;300rounds;Yes;No;2;0,96713;1;0;0;1,96713;boa-negotiator.boaframework.offeringstrategy.anac2010.Yushu_Offering-negotiator.boaframework.acceptanceconditions.anac2011.AC_NiceTitForTat-negotiator.boaframework.opponentmodel.AgentXFrequencyModel-negotiator.boaframework.omstrategy.TheFawkes_OMS@272;BoulwareNegotiationParty@273;1.0;0.9671281107910649;1.0;0.9671281107910649;1.0;0.9671281107910649;0.0;0.0;1.0;0.9671281107910649;movie-profile1.xml;movie-profile2.xml
0,173;155;;300rounds;Yes;No;2;0,96713;1;0;0;1,96713;BoulwareNegotiationParty@274;BoulwareNegotiationParty@275;1.0;0.9671281107910649;1.0;0.9671281107910649;1.0;0.9671281107910649;0.0;0.0;1.0;0.9671281107910649;movie-profile1.xml;movie-profile2.xml
0,012;8;;300rounds;Yes;No;2;0,93258;1;0;0,07501;1,93258;ConcederNegotiationParty@276;BoulwareNegotiationParty@277;0.932576141327927;1.0;0.932576141327927;1.0;0.932576141327927;1.0;0.0;0.0;0.932576141327927;1.0;movie-profile1.xml;movie-profile2.xml
0,005;3;;300rounds;Yes;No;2;0,93258;1;0;0,07501;1,93258;BayesianAgent@278;BoulwareNegotiationParty@279;0.932576141327927;1.0;0.932576141327927;1.0;0.0;1.0;0.0;0.0;0.932576141327927;1.0;movie-profile1.xml;movie-profile2.xml
0,011;3;;300rounds;Yes;No;2;0,96713;1;0;0;1,96713;boa-negotiator.boaframework.offeringstrategy.anac2010.Yushu_Offering-negotiator.boaframework.acceptanceconditions.anac2011.AC_NiceTitForTat-negotiator.boaframework.opponentmodel.AgentXFrequencyModel-negotiator.boaframework.omstrategy.TheFawkes_OMS@280;ConcederNegotiationParty@281;1.0;0.9671281107910649;1.0;0.9671281107910649;1.0;0.9671281107910649;0.0;0.0;1.0;0.9671281107910649;movie-profile1.xml;movie-profile2.xml
0,01;3;;300rounds;Yes;No;2;0,96713;1;0;0;1,96713;BoulwareNegotiationParty@282;ConcederNegotiationParty@283;1.0;0.9671281107910649;1.0;0.9671281107910649;1.0;0.9671281107910649;0.0;0.0;1.0;0.9671281107910649;movie-profile1.xml;movie-profile2.xml
0,002;3;;300rounds;Yes;No;2;0,93258;1;0;0,07501;1,93258;ConcederNegotiationParty@284;ConcederNegotiationParty@285;0.932576141327927;1.0;0.932576141327927;1.0;0.932576141327927;1.0;0.0;0.0;0.932576141327927;1.0;movie-profile1.xml;movie-profile2.xml
0,013;3;;300rounds;Yes;No;2;0,93258;1;0;0,07501;1,93258;BayesianAgent@286;ConcederNegotiationParty@287;0.932576141327927;1.0;0.932576141327927;1.0;0.0;1.0;0.0;0.0;0.932576141327927;1.0;movie-profile1.xml;movie-profile2.xml
0,007;3;;300rounds;Yes;No;2;0,96713;1;0;0;1,96713;boa-negotiator.boaframework.offeringstrategy.anac2010.Yushu_Offering-negotiator.boaframework.acceptanceconditions.anac2011.AC_NiceTitForTat-negotiator.boaframework.opponentmodel.AgentXFrequencyModel-negotiator.boaframework.omstrategy.TheFawkes_OMS@288;BayesianAgent@289;1.0;0.9671281107910649;1.0;0.9671281107910649;1.0;0.0;0.0;0.0;1.0;0.9671281107910649;movie-profile1.xml;movie-profile2.xml
0,005;3;;300rounds;Yes;No;2;0,96713;1;0;0;1,96713;BoulwareNegotiationParty@290;BayesianAgent@291;1.0;0.9671281107910649;1.0;0.9671281107910649;1.0;0.0;0.0;0.0;1.0;0.9671281107910649;movie-profile1.xml;movie-profile2.xml
0,012;3;;300rounds;Yes;No;2;0,93258;1;0;0,07501;1,93258;ConcederNegotiationParty@292;BayesianAgent@293;0.932576141327927;1.0;0.932576141327927;1.0;0.932576141327927;0.0;0.0;0.0;0.932576141327927;1.0;movie-profile1.xml;movie-profile2.xml
0,002;3;;300rounds;Yes;No;2;0,93258;1;0;0,07501;1,93258;BayesianAgent@294;BayesianAgent@295;0.932576141327927;1.0;0.932576141327927;1.0;0.0;0.0;0.0;0.0;0.932576141327927;1.0;movie-profile1.xml;movie-profile2.xml
0,315;272;;300rounds;Yes;No;2;0,93258;1;0;0,07501;1,93258;boa-negotiator.boaframework.offeringstrategy.anac2010.Yushu_Offering-negotiator.boaframework.acceptanceconditions.anac2011.AC_NiceTitForTat-negotiator.boaframework.opponentmodel.AgentXFrequencyModel-negotiator.boaframework.omstrategy.TheFawkes_OMS@296;boa-negotiator.boaframework.offeringstrategy.anac2010.Yushu_Offering-negotiator.boaframework.acceptanceconditions.anac2011.AC_NiceTitForTat-negotiator.boaframework.opponentmodel.AgentXFrequencyModel-negotiator.boaframework.omstrategy.TheFawkes_OMS@297;0.932576141327927;1.0;0.932576141327927;1.0;0.932576141327927;1.0;0.0;0.0;0.932576141327927;1.0;movie-profile1.xml;movie-profile2.xml
0,23;155;;300rounds;Yes;No;2;0,93258;1;0;0,07501;1,93258;BoulwareNegotiationParty@298;boa-negotiator.boaframework.offeringstrategy.anac2010.Yushu_Offering-negotiator.boaframework.acceptanceconditions.anac2011.AC_NiceTitForTat-negotiator.boaframework.opponentmodel.AgentXFrequencyModel-negotiator.boaframework.omstrategy.TheFawkes_OMS@299;0.932576141327927;1.0;0.932576141327927;1.0;0.932576141327927;1.0;0.0;0.0;0.932576141327927;1.0;movie-profile1.xml;movie-profile2.xml
0,016;3;;300rounds;Yes;No;2;0,93258;1;0;0,07501;1,93258;ConcederNegotiationParty@300;boa-negotiator.boaframework.offeringstrategy.anac2010.Yushu_Offering-negotiator.boaframework.acceptanceconditions.anac2011.AC_NiceTitForTat-negotiator.boaframework.opponentmodel.AgentXFrequencyModel-negotiator.boaframework.omstrategy.TheFawkes_OMS@301;0.932576141327927;1.0;0.932576141327927;1.0;0.932576141327927;1.0;0.0;0.0;0.932576141327927;1.0;movie-profile1.xml;movie-profile2.xml
0,004;3;;300rounds;Yes;No;2;0,93258;1;0;0,07501;1,93258;BayesianAgent@302;boa-negotiator.boaframework.offeringstrategy.anac2010.Yushu_Offering-negotiator.boaframework.acceptanceconditions.anac2011.AC_NiceTitForTat-negotiator.boaframework.opponentmodel.AgentXFrequencyModel-negotiator.boaframework.omstrategy.TheFawkes_OMS@303;0.932576141327927;1.0;0.932576141327927;1.0;0.0;1.0;0.0;0.0;0.932576141327927;1.0;movie-profile1.xml;movie-profile2.xml
0,156;136;;300rounds;Yes;No;2;0,96713;1;0;0;1,96713;boa-negotiator.boaframework.offeringstrategy.anac2010.Yushu_Offering-negotiator.boaframework.acceptanceconditions.anac2011.AC_NiceTitForTat-negotiator.boaframework.opponentmodel.AgentXFrequencyModel-negotiator.boaframework.omstrategy.TheFawkes_OMS@304;BoulwareNegotiationParty@305;1.0;0.9671281107910649;1.0;0.9671281107910649;1.0;0.9671281107910649;0.0;0.0;1.0;0.9671281107910649;movie-profile1.xml;movie-profile2.xml
0,179;155;;300rounds;Yes;No;2;0,96713;1;0;0;1,96713;BoulwareNegotiationParty@306;BoulwareNegotiationParty@307;1.0;0.9671281107910649;1.0;0.9671281107910649;1.0;0.9671281107910649;0.0;0.0;1.0;0.9671281107910649;movie-profile1.xml;movie-profile2.xml
0,013;8;;300rounds;Yes;No;2;0,93258;1;0;0,07501;1,93258;ConcederNegotiationParty@308;BoulwareNegotiationParty@309;0.932576141327927;1.0;0.932576141327927;1.0;0.932576141327927;1.0;0.0;0.0;0.932576141327927;1.0;movie-profile1.xml;movie-profile2.xml
0,009;3;;300rounds;Yes;No;2;0,93258;1;0;0,07501;1,93258;BayesianAgent@310;BoulwareNegotiationParty@311;0.932576141327927;1.0;0.932576141327927;1.0;0.0;1.0;0.0;0.0;0.932576141327927;1.0;movie-profile1.xml;movie-profile2.xml
0,002;3;;300rounds;Yes;No;2;0,96713;1;0;0;1,96713;boa-negotiator.boaframework.offeringstrategy.anac2010.Yushu_Offering-negotiator.boaframework.acceptanceconditions.anac2011.AC_NiceTitForTat-negotiator.boaframework.opponentmodel.AgentXFrequencyModel-negotiator.boaframework.omstrategy.TheFawkes_OMS@312;ConcederNegotiationParty@313;1.0;0.9671281107910649;1.0;0.9671281107910649;1.0;0.9671281107910649;0.0;0.0;1.0;0.9671281107910649;movie-profile1.xml;movie-profile2.xml
0,002;3;;300rounds;Yes;No;2;0,96713;1;0;0;1,96713;BoulwareNegotiationParty@314;ConcederNegotiationParty@315;1.0;0.9671281107910649;1.0;0.9671281107910649;1.0;0.9671281107910649;0.0;0.0;1.0;0.9671281107910649;movie-profile1.xml;movie-profile2.xml
0,018;3;;300rounds;Yes;No;2;0,93258;1;0;0,07501;1,93258;ConcederNegotiationParty@316;ConcederNegotiationParty@317;0.932576141327927;1.0;0.932576141327927;1.0;0.932576141327927;1.0;0.0;0.0;0.932576141327927;1.0;movie-profile1.xml;movie-profile2.xml
0,007;3;;300rounds;Yes;No;2;0,93258;1;0;0,07501;1,93258;BayesianAgent@318;ConcederNegotiationParty@319;0.932576141327927;1.0;0.932576141327927;1.0;0.0;1.0;0.0;0.0;0.932576141327927;1.0;movie-profile1.xml;movie-profile2.xml
0,008;3;;300rounds;Yes;No;2;0,96713;1;0;0;1,96713;boa-negotiator.boaframework.offeringstrategy.anac2010.Yushu_Offering-negotiator.boaframework.acceptanceconditions.anac2011.AC_NiceTitForTat-negotiator.boaframework.opponentmodel.AgentXFrequencyModel-negotiator.boaframework.omstrategy.TheFawkes_OMS@320;BayesianAgent@321;1.0;0.9671281107910649;1.0;0.9671281107910649;1.0;0.0;0.0;0.0;1.0;0.9671281107910649;movie-profile1.xml;movie-profile2.xml
0,008;3;;300rounds;Yes;No;2;0,96713;1;0;0;1,96713;BoulwareNegotiationParty@322;BayesianAgent@323;1.0;0.9671281107910649;1.0;0.9671281107910649;1.0;0.0;0.0;0.0;1.0;0.9671281107910649;movie-profile1.xml;movie-profile2.xml
0,014;3;;300rounds;Yes;No;2;0,93258;1;0;0,07501;1,93258;ConcederNegotiationParty@324;BayesianAgent@325;0.932576141327927;1.0;0.932576141327927;1.0;0.932576141327927;0.0;0.0;0.0;0.932576141327927;1.0;movie-profile1.xml;movie-profile2.xml
0,002;3;;300rounds;Yes;No;2;0,93258;1;0;0,07501;1,93258;BayesianAgent@326;BayesianAgent@327;0.932576141327927;1.0;0.932576141327927;1.0;0.0;0.0;0.0;0.0;0.932576141327927;1.0;movie-profile1.xml;movie-profile2.xml
