0,192;224;;300rounds;Yes;No;2;0,78591;0,815;0,07806;0,14578;1,60091;BoulwareNegotiationParty@328;BoulwareNegotiationParty@329;0.815;0.785905062151012;0.815;0.785905062151012;0.815;0.785905062151012;0.0;0.0;0.815;0.785905062151012;party1_utility.xml;party2_utility.xml
0,032;38;;300rounds;Yes;No;2;0,65833;1;0;0,14542;1,65833;ConcederNegotiationParty@330;BoulwareNegotiationParty@331;0.6583333333333333;1.0;0.6583333333333333;1.0;0.6583333333333333;1.0;0.0;0.0;0.6583333333333333;1.0;party1_utility.xml;party2_utility.xml
3,034;179;;300rounds;Yes;No;2;0,785;0,92857;0;0;1,71357;BayesianAgent@332;BoulwareNegotiationParty@333;0.7849999999999999;0.9285654723948509;0.7849999999999999;0.9285654723948509;0.0;0.9285654723948509;0.0;0.0;0.7849999999999999;0.9285654723948509;party1_utility.xml;party2_utility.xml
0,874;245;;300rounds;Yes;No;2;0,66621;0,94167;0;0,30558;1,60787;boa-negotiator.boaframework.offeringstrategy.anac2010.Yushu_Offering-negotiator.boaframework.acceptanceconditions.anac2011.AC_NiceTitForTat-negotiator.boaframework.opponentmodel.AgentXFrequencyModel-negotiator.boaframework.omstrategy.TheFawkes_OMS@334;BoulwareNegotiationParty@335;0.9416666666666667;0.6662075599338653;0.9416666666666667;0.6662075599338653;0.9416666666666667;0.6662075599338653;0.0;0.0;0.9416666666666667;0.6662075599338653;party1_utility.xml;party2_utility.xml
0,107;138;;300rounds;Yes;No;2;0,49465;0,975;0;0,47369;1,46965;BoulwareNegotiationParty@336;ConcederNegotiationParty@337;0.975;0.49464690002105177;0.975;0.49464690002105177;0.975;0.49464690002105177;0.0;0.0;0.975;0.49464690002105177;party1_utility.xml;party2_utility.xml
0,014;16;;300rounds;Yes;No;2;0,785;0,92857;0;0;1,71357;ConcederNegotiationParty@338;ConcederNegotiationParty@339;0.7849999999999999;0.9285654723948509;0.7849999999999999;0.9285654723948509;0.7849999999999999;0.9285654723948509;0.0;0.0;0.7849999999999999;0.9285654723948509;party1_utility.xml;party2_utility.xml
0,102;8;;300rounds;Yes;No;2;0,65833;1;0;0,14542;1,65833;BayesianAgent@340;ConcederNegotiationParty@341;0.6583333333333333;1.0;0.6583333333333333;1.0;0.0;1.0;0.0;0.0;0.6583333333333333;1.0;party1_utility.xml;party2_utility.xml
0,296;89;;300rounds;Yes;No;2;0,49465;0,975;0;0,47369;1,46965;boa-negotiator.boaframework.offeringstrategy.anac2010.Yushu_Offering-negotiator.boaframework.acceptanceconditions.anac2011.AC_NiceTitForTat-negotiator.boaframework.opponentmodel.AgentXFrequencyModel-negotiator.boaframework.omstrategy.TheFawkes_OMS@342;ConcederNegotiationParty@343;0.975;0.49464690002105177;0.975;0.49464690002105177;0.975;0.49464690002105177;0.0;0.0;0.975;0.49464690002105177;party1_utility.xml;party2_utility.xml
3,93;216;;300rounds;Yes;No;2;0,73255;0,81833;0,06027;0,19883;1,55089;BoulwareNegotiationParty@344;BayesianAgent@345;0.8183333333333335;0.732553347071756;0.8183333333333335;0.732553347071756;0.8183333333333335;0.0;0.0;0.0;0.8183333333333335;0.732553347071756;party1_utility.xml;party2_utility.xml
0,144;12;;300rounds;Yes;No;2;0,73255;0,81833;0,06027;0,19883;1,55089;ConcederNegotiationParty@346;BayesianAgent@347;0.8183333333333335;0.732553347071756;0.8183333333333335;0.732553347071756;0.8183333333333335;0.0;0.0;0.0;0.8183333333333335;0.732553347071756;party1_utility.xml;party2_utility.xml
0,354;16;;300rounds;Yes;No;2;0,84833;0,85649;0;0,09595;1,70482;BayesianAgent@348;BayesianAgent@349;0.8483333333333334;0.8564909885811369;0.8483333333333334;0.8564909885811369;0.0;0.0;0.0;0.0;0.8483333333333334;0.8564909885811369;party1_utility.xml;party2_utility.xml
6,268;272;;300rounds;Yes;No;2;0,73828;0,87833;0;0,21194;1,61662;boa-negotiator.boaframework.offeringstrategy.anac2010.Yushu_Offering-negotiator.boaframework.acceptanceconditions.anac2011.AC_NiceTitForTat-negotiator.boaframework.opponentmodel.AgentXFrequencyModel-negotiator.boaframework.omstrategy.TheFawkes_OMS@350;BayesianAgent@351;0.8783333333333334;0.7382820437475793;0.8783333333333334;0.7382820437475793;0.8783333333333334;0.0;0.0;0.0;0.8783333333333334;0.7382820437475793;party1_utility.xml;party2_utility.xml
0,755;212;;300rounds;Yes;No;2;0,83583;0,84001;0,02068;0,1021;1,67585;BoulwareNegotiationParty@352;boa-negotiator.boaframework.offeringstrategy.anac2010.Yushu_Offering-negotiator.boaframework.acceptanceconditions.anac2011.AC_NiceTitForTat-negotiator.boaframework.opponentmodel.AgentXFrequencyModel-negotiator.boaframework.omstrategy.TheFawkes_OMS@353;0.8358333333333332;0.8400142500258816;0.8358333333333332;0.8400142500258816;0.8358333333333332;0.8400142500258816;0.0;0.0;0.8358333333333332;0.8400142500258816;party1_utility.xml;party2_utility.xml
0,125;38;;300rounds;Yes;No;2;0,65833;1;0;0,14542;1,65833;ConcederNegotiationParty@354;boa-negotiator.boaframework.offeringstrategy.anac2010.Yushu_Offering-negotiator.boaframework.acceptanceconditions.anac2011.AC_NiceTitForTat-negotiator.boaframework.opponentmodel.AgentXFrequencyModel-negotiator.boaframework.omstrategy.TheFawkes_OMS@355;0.6583333333333333;1.0;0.6583333333333333;1.0;0.6583333333333333;1.0;0.0;0.0;0.6583333333333333;1.0;party1_utility.xml;party2_utility.xml
3,049;164;;300rounds;Yes;No;2;0,785;0,92857;0;0;1,71357;BayesianAgent@356;boa-negotiator.boaframework.offeringstrategy.anac2010.Yushu_Offering-negotiator.boaframework.acceptanceconditions.anac2011.AC_NiceTitForTat-negotiator.boaframework.opponentmodel.AgentXFrequencyModel-negotiator.boaframework.omstrategy.TheFawkes_OMS@357;0.7849999999999999;0.9285654723948509;0.7849999999999999;0.9285654723948509;0.0;0.9285654723948509;0.0;0.0;0.7849999999999999;0.9285654723948509;party1_utility.xml;party2_utility.xml
1,819;296;;300rounds;Yes;No;2;0,84833;0,85649;0;0,09595;1,70482;boa-negotiator.boaframework.offeringstrategy.anac2010.Yushu_Offering-negotiator.boaframework.acceptanceconditions.anac2011.AC_NiceTitForTat-negotiator.boaframework.opponentmodel.AgentXFrequencyModel-negotiator.boaframework.omstrategy.TheFawkes_OMS@358;boa-negotiator.boaframework.offeringstrategy.anac2010.Yushu_Offering-negotiator.boaframework.acceptanceconditions.anac2011.AC_NiceTitForTat-negotiator.boaframework.opponentmodel.AgentXFrequencyModel-negotiator.boaframework.omstrategy.TheFawkes_OMS@359;0.8483333333333334;0.8564909885811369;0.8483333333333334;0.8564909885811369;0.8483333333333334;0.8564909885811369;0.0;0.0;0.8483333333333334;0.8564909885811369;party1_utility.xml;party2_utility.xml
0,169;224;;300rounds;Yes;No;2;0,78591;0,815;0,07806;0,14578;1,60091;BoulwareNegotiationParty@360;BoulwareNegotiationParty@361;0.815;0.785905062151012;0.815;0.785905062151012;0.815;0.785905062151012;0.0;0.0;0.815;0.785905062151012;party1_utility.xml;party2_utility.xml
0,029;38;;300rounds;Yes;No;2;0,65833;1;0;0,14542;1,65833;ConcederNegotiationParty@362;BoulwareNegotiationParty@363;0.6583333333333333;1.0;0.6583333333333333;1.0;0.6583333333333333;1.0;0.0;0.0;0.6583333333333333;1.0;party1_utility.xml;party2_utility.xml
2,959;179;;300rounds;Yes;No;2;0,785;0,92857;0;0;1,71357;BayesianAgent@364;BoulwareNegotiationParty@365;0.7849999999999999;0.9285654723948509;0.7849999999999999;0.9285654723948509;0.0;0.9285654723948509;0.0;0.0;0.7849999999999999;0.9285654723948509;party1_utility.xml;party2_utility.xml
0,843;245;;300rounds;Yes;No;2;0,66621;0,94167;0;0,30558;1,60787;boa-negotiator.boaframework.offeringstrategy.anac2010.Yushu_Offering-negotiator.boaframework.acceptanceconditions.anac2011.AC_NiceTitForTat-negotiator.boaframework.opponentmodel.AgentXFrequencyModel-negotiator.boaframework.omstrategy.TheFawkes_OMS@366;BoulwareNegotiationParty@367;0.9416666666666667;0.6662075599338653;0.9416666666666667;0.6662075599338653;0.9416666666666667;0.6662075599338653;0.0;0.0;0.9416666666666667;0.6662075599338653;party1_utility.xml;party2_utility.xml
0,111;138;;300rounds;Yes;No;2;0,49465;0,975;0;0,47369;1,46965;BoulwareNegotiationParty@368;ConcederNegotiationParty@369;0.975;0.49464690002105177;0.975;0.49464690002105177;0.975;0.49464690002105177;0.0;0.0;0.975;0.49464690002105177;party1_utility.xml;party2_utility.xml
0,014;16;;300rounds;Yes;No;2;0,785;0,92857;0;0;1,71357;ConcederNegotiationParty@370;ConcederNegotiationParty@371;0.7849999999999999;0.9285654723948509;0.7849999999999999;0.9285654723948509;0.7849999999999999;0.9285654723948509;0.0;0.0;0.7849999999999999;0.9285654723948509;party1_utility.xml;party2_utility.xml
0,102;8;;300rounds;Yes;No;2;0,65833;1;0;0,14542;1,65833;BayesianAgent@372;ConcederNegotiationParty@373;0.6583333333333333;1.0;0.6583333333333333;1.0;0.0;1.0;0.0;0.0;0.6583333333333333;1.0;party1_utility.xml;party2_utility.xml
0,292;89;;300rounds;Yes;No;2;0,49465;0,975;0;0,47369;1,46965;boa-negotiator.boaframework.offeringstrategy.anac2010.Yushu_Offering-negotiator.boaframework.acceptanceconditions.anac2011.AC_NiceTitForTat-negotiator.boaframework.opponentmodel.AgentXFrequencyModel-negotiator.boaframework.omstrategy.TheFawkes_OMS@374;ConcederNegotiationParty@375;0.975;0.49464690002105177;0.975;0.49464690002105177;0.975;0.49464690002105177;0.0;0.0;0.975;0.49464690002105177;party1_utility.xml;party2_utility.xml
3,934;216;;300rounds;Yes;No;2;0,73255;0,81833;0,06027;0,19883;1,55089;BoulwareNegotiationParty@376;BayesianAgent@377;0.8183333333333335;0.732553347071756;0.8183333333333335;0.732553347071756;0.8183333333333335;0.0;0.0;0.0;0.8183333333333335;0.732553347071756;party1_utility.xml;party2_utility.xml
0,147;12;;300rounds;Yes;No;2;0,73255;0,81833;0,06027;0,19883;1,55089;ConcederNegotiationParty@378;BayesianAgent@379;0.8183333333333335;0.732553347071756;0.8183333333333335;0.732553347071756;0.8183333333333335;0.0;0.0;0.0;0.8183333333333335;0.732553347071756;party1_utility.xml;party2_utility.xml
0,353;16;;300rounds;Yes;No;2;0,84833;0,85649;0;0,09595;1,70482;BayesianAgent@380;BayesianAgent@381;0.8483333333333334;0.8564909885811369;0.8483333333333334;0.8564909885811369;0.0;0.0;0.0;0.0;0.8483333333333334;0.8564909885811369;party1_utility.xml;party2_utility.xml
6,291;272;;300rounds;Yes;No;2;0,73828;0,87833;0;0,21194;1,61662;boa-negotiator.boaframework.offeringstrategy.anac2010.Yushu_Offering-negotiator.boaframework.acceptanceconditions.anac2011.AC_NiceTitForTat-negotiator.boaframework.opponentmodel.AgentXFrequencyModel-negotiator.boaframework.omstrategy.TheFawkes_OMS@382;BayesianAgent@383;0.8783333333333334;0.7382820437475793;0.8783333333333334;0.7382820437475793;0.8783333333333334;0.0;0.0;0.0;0.8783333333333334;0.7382820437475793;party1_utility.xml;party2_utility.xml
0,755;212;;300rounds;Yes;No;2;0,83583;0,84001;0,02068;0,1021;1,67585;BoulwareNegotiationParty@384;boa-negotiator.boaframework.offeringstrategy.anac2010.Yushu_Offering-negotiator.boaframework.acceptanceconditions.anac2011.AC_NiceTitForTat-negotiator.boaframework.opponentmodel.AgentXFrequencyModel-negotiator.boaframework.omstrategy.TheFawkes_OMS@385;0.8358333333333332;0.8400142500258816;0.8358333333333332;0.8400142500258816;0.8358333333333332;0.8400142500258816;0.0;0.0;0.8358333333333332;0.8400142500258816;party1_utility.xml;party2_utility.xml
0,122;38;;300rounds;Yes;No;2;0,65833;1;0;0,14542;1,65833;ConcederNegotiationParty@386;boa-negotiator.boaframework.offeringstrategy.anac2010.Yushu_Offering-negotiator.boaframework.acceptanceconditions.anac2011.AC_NiceTitForTat-negotiator.boaframework.opponentmodel.AgentXFrequencyModel-negotiator.boaframework.omstrategy.TheFawkes_OMS@387;0.6583333333333333;1.0;0.6583333333333333;1.0;0.6583333333333333;1.0;0.0;0.0;0.6583333333333333;1.0;party1_utility.xml;party2_utility.xml
2,971;164;;300rounds;Yes;No;2;0,785;0,92857;0;0;1,71357;BayesianAgent@388;boa-negotiator.boaframework.offeringstrategy.anac2010.Yushu_Offering-negotiator.boaframework.acceptanceconditions.anac2011.AC_NiceTitForTat-negotiator.boaframework.opponentmodel.AgentXFrequencyModel-negotiator.boaframework.omstrategy.TheFawkes_OMS@389;0.7849999999999999;0.9285654723948509;0.7849999999999999;0.9285654723948509;0.0;0.9285654723948509;0.0;0.0;0.7849999999999999;0.9285654723948509;party1_utility.xml;party2_utility.xml
1,855;296;;300rounds;Yes;No;2;0,84833;0,85649;0;0,09595;1,70482;boa-negotiator.boaframework.offeringstrategy.anac2010.Yushu_Offering-negotiator.boaframework.acceptanceconditions.anac2011.AC_NiceTitForTat-negotiator.boaframework.opponentmodel.AgentXFrequencyModel-negotiator.boaframework.omstrategy.TheFawkes_OMS@390;boa-negotiator.boaframework.offeringstrategy.anac2010.Yushu_Offering-negotiator.boaframework.acceptanceconditions.anac2011.AC_NiceTitForTat-negotiator.boaframework.opponentmodel.AgentXFrequencyModel-negotiator.boaframework.omstrategy.TheFawkes_OMS@391;0.8483333333333334;0.8564909885811369;0.8483333333333334;0.8564909885811369;0.8483333333333334;0.8564909885811369;0.0;0.0;0.8483333333333334;0.8564909885811369;party1_utility.xml;party2_utility.xml
0,169;224;;300rounds;Yes;No;2;0,78591;0,815;0,07806;0,14578;1,60091;BoulwareNegotiationParty@392;BoulwareNegotiationParty@393;0.815;0.785905062151012;0.815;0.785905062151012;0.815;0.785905062151012;0.0;0.0;0.815;0.785905062151012;party1_utility.xml;party2_utility.xml
0,028;38;;300rounds;Yes;No;2;0,65833;1;0;0,14542;1,65833;ConcederNegotiationParty@394;BoulwareNegotiationParty@395;0.6583333333333333;1.0;0.6583333333333333;1.0;0.6583333333333333;1.0;0.0;0.0;0.6583333333333333;1.0;party1_utility.xml;party2_utility.xml
3,109;179;;300rounds;Yes;No;2;0,785;0,92857;0;0;1,71357;BayesianAgent@396;BoulwareNegotiationParty@397;0.7849999999999999;0.9285654723948509;0.7849999999999999;0.9285654723948509;0.0;0.9285654723948509;0.0;0.0;0.7849999999999999;0.9285654723948509;party1_utility.xml;party2_utility.xml
1,088;245;;300rounds;Yes;No;2;0,66621;0,94167;0;0,30558;1,60787;boa-negotiator.boaframework.offeringstrategy.anac2010.Yushu_Offering-negotiator.boaframework.acceptanceconditions.anac2011.AC_NiceTitForTat-negotiator.boaframework.opponentmodel.AgentXFrequencyModel-negotiator.boaframework.omstrategy.TheFawkes_OMS@398;BoulwareNegotiationParty@399;0.9416666666666667;0.6662075599338653;0.9416666666666667;0.6662075599338653;0.9416666666666667;0.6662075599338653;0.0;0.0;0.9416666666666667;0.6662075599338653;party1_utility.xml;party2_utility.xml
0,151;138;;300rounds;Yes;No;2;0,49465;0,975;0;0,47369;1,46965;BoulwareNegotiationParty@400;ConcederNegotiationParty@401;0.975;0.49464690002105177;0.975;0.49464690002105177;0.975;0.49464690002105177;0.0;0.0;0.975;0.49464690002105177;party1_utility.xml;party2_utility.xml
0,017;16;;300rounds;Yes;No;2;0,785;0,92857;0;0;1,71357;ConcederNegotiationParty@402;ConcederNegotiationParty@403;0.7849999999999999;0.9285654723948509;0.7849999999999999;0.9285654723948509;0.7849999999999999;0.9285654723948509;0.0;0.0;0.7849999999999999;0.9285654723948509;party1_utility.xml;party2_utility.xml
0,133;8;;300rounds;Yes;No;2;0,65833;1;0;0,14542;1,65833;BayesianAgent@404;ConcederNegotiationParty@405;0.6583333333333333;1.0;0.6583333333333333;1.0;0.0;1.0;0.0;0.0;0.6583333333333333;1.0;party1_utility.xml;party2_utility.xml
0,407;89;;300rounds;Yes;No;2;0,49465;0,975;0;0,47369;1,46965;boa-negotiator.boaframework.offeringstrategy.anac2010.Yushu_Offering-negotiator.boaframework.acceptanceconditions.anac2011.AC_NiceTitForTat-negotiator.boaframework.opponentmodel.AgentXFrequencyModel-negotiator.boaframework.omstrategy.TheFawkes_OMS@406;ConcederNegotiationParty@407;0.975;0.49464690002105177;0.975;0.49464690002105177;0.975;0.49464690002105177;0.0;0.0;0.975;0.49464690002105177;party1_utility.xml;party2_utility.xml
5,07;216;;300rounds;Yes;No;2;0,73255;0,81833;0,06027;0,19883;1,55089;BoulwareNegotiationParty@408;BayesianAgent@409;0.8183333333333335;0.732553347071756;0.8183333333333335;0.732553347071756;0.8183333333333335;0.0;0.0;0.0;0.8183333333333335;0.732553347071756;party1_utility.xml;party2_utility.xml
0,179;12;;300rounds;Yes;No;2;0,73255;0,81833;0,06027;0,19883;1,55089;ConcederNegotiationParty@410;BayesianAgent@411;0.8183333333333335;0.732553347071756;0.8183333333333335;0.732553347071756;0.8183333333333335;0.0;0.0;0.0;0.8183333333333335;0.732553347071756;party1_utility.xml;party2_utility.xml
0,432;16;;300rounds;Yes;No;2;0,84833;0,85649;0;0,09595;1,70482;BayesianAgent@412;BayesianAgent@413;0.8483333333333334;0.8564909885811369;0.8483333333333334;0.8564909885811369;0.0;0.0;0.0;0.0;0.8483333333333334;0.8564909885811369;party1_utility.xml;party2_utility.xml
7,584;272;;300rounds;Yes;No;2;0,73828;0,87833;0;0,21194;1,61662;boa-negotiator.boaframework.offeringstrategy.anac2010.Yushu_Offering-negotiator.boaframework.acceptanceconditions.anac2011.AC_NiceTitForTat-negotiator.boaframework.opponentmodel.AgentXFrequencyModel-negotiator.boaframework.omstrategy.TheFawkes_OMS@414;BayesianAgent@415;0.8783333333333334;0.7382820437475793;0.8783333333333334;0.7382820437475793;0.8783333333333334;0.0;0.0;0.0;0.8783333333333334;0.7382820437475793;party1_utility.xml;party2_utility.xml
0,922;212;;300rounds;Yes;No;2;0,83583;0,84001;0,02068;0,1021;1,67585;BoulwareNegotiationParty@416;boa-negotiator.boaframework.offeringstrategy.anac2010.Yushu_Offering-negotiator.boaframework.acceptanceconditions.anac2011.AC_NiceTitForTat-negotiator.boaframework.opponentmodel.AgentXFrequencyModel-negotiator.boaframework.omstrategy.TheFawkes_OMS@417;0.8358333333333332;0.8400142500258816;0.8358333333333332;0.8400142500258816;0.8358333333333332;0.8400142500258816;0.0;0.0;0.8358333333333332;0.8400142500258816;party1_utility.xml;party2_utility.xml
0,157;38;;300rounds;Yes;No;2;0,65833;1;0;0,14542;1,65833;ConcederNegotiationParty@418;boa-negotiator.boaframework.offeringstrategy.anac2010.Yushu_Offering-negotiator.boaframework.acceptanceconditions.anac2011.AC_NiceTitForTat-negotiator.boaframework.opponentmodel.AgentXFrequencyModel-negotiator.boaframework.omstrategy.TheFawkes_OMS@419;0.6583333333333333;1.0;0.6583333333333333;1.0;0.6583333333333333;1.0;0.0;0.0;0.6583333333333333;1.0;party1_utility.xml;party2_utility.xml
3,844;164;;300rounds;Yes;No;2;0,785;0,92857;0;0;1,71357;BayesianAgent@420;boa-negotiator.boaframework.offeringstrategy.anac2010.Yushu_Offering-negotiator.boaframework.acceptanceconditions.anac2011.AC_NiceTitForTat-negotiator.boaframework.opponentmodel.AgentXFrequencyModel-negotiator.boaframework.omstrategy.TheFawkes_OMS@421;0.7849999999999999;0.9285654723948509;0.7849999999999999;0.9285654723948509;0.0;0.9285654723948509;0.0;0.0;0.7849999999999999;0.9285654723948509;party1_utility.xml;party2_utility.xml
2,196;296;;300rounds;Yes;No;2;0,84833;0,85649;0;0,09595;1,70482;boa-negotiator.boaframework.offeringstrategy.anac2010.Yushu_Offering-negotiator.boaframework.acceptanceconditions.anac2011.AC_NiceTitForTat-negotiator.boaframework.opponentmodel.AgentXFrequencyModel-negotiator.boaframework.omstrategy.TheFawkes_OMS@422;boa-negotiator.boaframework.offeringstrategy.anac2010.Yushu_Offering-negotiator.boaframework.acceptanceconditions.anac2011.AC_NiceTitForTat-negotiator.boaframework.opponentmodel.AgentXFrequencyModel-negotiator.boaframework.omstrategy.TheFawkes_OMS@423;0.8483333333333334;0.8564909885811369;0.8483333333333334;0.8564909885811369;0.8483333333333334;0.8564909885811369;0.0;0.0;0.8483333333333334;0.8564909885811369;party1_utility.xml;party2_utility.xml
0,212;224;;300rounds;Yes;No;2;0,78591;0,815;0,07806;0,14578;1,60091;BoulwareNegotiationParty@424;BoulwareNegotiationParty@425;0.815;0.785905062151012;0.815;0.785905062151012;0.815;0.785905062151012;0.0;0.0;0.815;0.785905062151012;party1_utility.xml;party2_utility.xml
0,091;38;;300rounds;Yes;No;2;0,65833;1;0;0,14542;1,65833;ConcederNegotiationParty@426;BoulwareNegotiationParty@427;0.6583333333333333;1.0;0.6583333333333333;1.0;0.6583333333333333;1.0;0.0;0.0;0.6583333333333333;1.0;party1_utility.xml;party2_utility.xml
3,659;179;;300rounds;Yes;No;2;0,785;0,92857;0;0;1,71357;BayesianAgent@428;BoulwareNegotiationParty@429;0.7849999999999999;0.9285654723948509;0.7849999999999999;0.9285654723948509;0.0;0.9285654723948509;0.0;0.0;0.7849999999999999;0.9285654723948509;party1_utility.xml;party2_utility.xml
1,05;245;;300rounds;Yes;No;2;0,66621;0,94167;0;0,30558;1,60787;boa-negotiator.boaframework.offeringstrategy.anac2010.Yushu_Offering-negotiator.boaframework.acceptanceconditions.anac2011.AC_NiceTitForTat-negotiator.boaframework.opponentmodel.AgentXFrequencyModel-negotiator.boaframework.omstrategy.TheFawkes_OMS@430;BoulwareNegotiationParty@431;0.9416666666666667;0.6662075599338653;0.9416666666666667;0.6662075599338653;0.9416666666666667;0.6662075599338653;0.0;0.0;0.9416666666666667;0.6662075599338653;party1_utility.xml;party2_utility.xml
0,135;138;;300rounds;Yes;No;2;0,49465;0,975;0;0,47369;1,46965;BoulwareNegotiationParty@432;ConcederNegotiationParty@433;0.975;0.49464690002105177;0.975;0.49464690002105177;0.975;0.49464690002105177;0.0;0.0;0.975;0.49464690002105177;party1_utility.xml;party2_utility.xml
0,015;16;;300rounds;Yes;No;2;0,785;0,92857;0;0;1,71357;ConcederNegotiationParty@434;ConcederNegotiationParty@435;0.7849999999999999;0.9285654723948509;0.7849999999999999;0.9285654723948509;0.7849999999999999;0.9285654723948509;0.0;0.0;0.7849999999999999;0.9285654723948509;party1_utility.xml;party2_utility.xml
0,123;8;;300rounds;Yes;No;2;0,65833;1;0;0,14542;1,65833;BayesianAgent@436;ConcederNegotiationParty@437;0.6583333333333333;1.0;0.6583333333333333;1.0;0.0;1.0;0.0;0.0;0.6583333333333333;1.0;party1_utility.xml;party2_utility.xml
0,378;89;;300rounds;Yes;No;2;0,49465;0,975;0;0,47369;1,46965;boa-negotiator.boaframework.offeringstrategy.anac2010.Yushu_Offering-negotiator.boaframework.acceptanceconditions.anac2011.AC_NiceTitForTat-negotiator.boaframework.opponentmodel.AgentXFrequencyModel-negotiator.boaframework.omstrategy.TheFawkes_OMS@438;ConcederNegotiationParty@439;0.975;0.49464690002105177;0.975;0.49464690002105177;0.975;0.49464690002105177;0.0;0.0;0.975;0.49464690002105177;party1_utility.xml;party2_utility.xml
5,023;216;;300rounds;Yes;No;2;0,73255;0,81833;0,06027;0,19883;1,55089;BoulwareNegotiationParty@440;BayesianAgent@441;0.8183333333333335;0.732553347071756;0.8183333333333335;0.732553347071756;0.8183333333333335;0.0;0.0;0.0;0.8183333333333335;0.732553347071756;party1_utility.xml;party2_utility.xml
0,205;12;;300rounds;Yes;No;2;0,73255;0,81833;0,06027;0,19883;1,55089;ConcederNegotiationParty@442;BayesianAgent@443;0.8183333333333335;0.732553347071756;0.8183333333333335;0.732553347071756;0.8183333333333335;0.0;0.0;0.0;0.8183333333333335;0.732553347071756;party1_utility.xml;party2_utility.xml
0,451;16;;300rounds;Yes;No;2;0,84833;0,85649;0;0,09595;1,70482;BayesianAgent@444;BayesianAgent@445;0.8483333333333334;0.8564909885811369;0.8483333333333334;0.8564909885811369;0.0;0.0;0.0;0.0;0.8483333333333334;0.8564909885811369;party1_utility.xml;party2_utility.xml
7,815;272;;300rounds;Yes;No;2;0,73828;0,87833;0;0,21194;1,61662;boa-negotiator.boaframework.offeringstrategy.anac2010.Yushu_Offering-negotiator.boaframework.acceptanceconditions.anac2011.AC_NiceTitForTat-negotiator.boaframework.opponentmodel.AgentXFrequencyModel-negotiator.boaframework.omstrategy.TheFawkes_OMS@446;BayesianAgent@447;0.8783333333333334;0.7382820437475793;0.8783333333333334;0.7382820437475793;0.8783333333333334;0.0;0.0;0.0;0.8783333333333334;0.7382820437475793;party1_utility.xml;party2_utility.xml
0,888;212;;300rounds;Yes;No;2;0,83583;0,84001;0,02068;0,1021;1,67585;BoulwareNegotiationParty@448;boa-negotiator.boaframework.offeringstrategy.anac2010.Yushu_Offering-negotiator.boaframework.acceptanceconditions.anac2011.AC_NiceTitForTat-negotiator.boaframework.opponentmodel.AgentXFrequencyModel-negotiator.boaframework.omstrategy.TheFawkes_OMS@449;0.8358333333333332;0.8400142500258816;0.8358333333333332;0.8400142500258816;0.8358333333333332;0.8400142500258816;0.0;0.0;0.8358333333333332;0.8400142500258816;party1_utility.xml;party2_utility.xml
0,147;38;;300rounds;Yes;No;2;0,65833;1;0;0,14542;1,65833;ConcederNegotiationParty@450;boa-negotiator.boaframework.offeringstrategy.anac2010.Yushu_Offering-negotiator.boaframework.acceptanceconditions.anac2011.AC_NiceTitForTat-negotiator.boaframework.opponentmodel.AgentXFrequencyModel-negotiator.boaframework.omstrategy.TheFawkes_OMS@451;0.6583333333333333;1.0;0.6583333333333333;1.0;0.6583333333333333;1.0;0.0;0.0;0.6583333333333333;1.0;party1_utility.xml;party2_utility.xml
3,66;164;;300rounds;Yes;No;2;0,785;0,92857;0;0;1,71357;BayesianAgent@452;boa-negotiator.boaframework.offeringstrategy.anac2010.Yushu_Offering-negotiator.boaframework.acceptanceconditions.anac2011.AC_NiceTitForTat-negotiator.boaframework.opponentmodel.AgentXFrequencyModel-negotiator.boaframework.omstrategy.TheFawkes_OMS@453;0.7849999999999999;0.9285654723948509;0.7849999999999999;0.9285654723948509;0.0;0.9285654723948509;0.0;0.0;0.7849999999999999;0.9285654723948509;party1_utility.xml;party2_utility.xml
2,378;296;;300rounds;Yes;No;2;0,84833;0,85649;0;0,09595;1,70482;boa-negotiator.boaframework.offeringstrategy.anac2010.Yushu_Offering-negotiator.boaframework.acceptanceconditions.anac2011.AC_NiceTitForTat-negotiator.boaframework.opponentmodel.AgentXFrequencyModel-negotiator.boaframework.omstrategy.TheFawkes_OMS@454;boa-negotiator.boaframework.offeringstrategy.anac2010.Yushu_Offering-negotiator.boaframework.acceptanceconditions.anac2011.AC_NiceTitForTat-negotiator.boaframework.opponentmodel.AgentXFrequencyModel-negotiator.boaframework.omstrategy.TheFawkes_OMS@455;0.8483333333333334;0.8564909885811369;0.8483333333333334;0.8564909885811369;0.8483333333333334;0.8564909885811369;0.0;0.0;0.8483333333333334;0.8564909885811369;party1_utility.xml;party2_utility.xml
0,215;224;;300rounds;Yes;No;2;0,78591;0,815;0,07806;0,14578;1,60091;BoulwareNegotiationParty@456;BoulwareNegotiationParty@457;0.815;0.785905062151012;0.815;0.785905062151012;0.815;0.785905062151012;0.0;0.0;0.815;0.785905062151012;party1_utility.xml;party2_utility.xml
0,035;38;;300rounds;Yes;No;2;0,65833;1;0;0,14542;1,65833;ConcederNegotiationParty@458;BoulwareNegotiationParty@459;0.6583333333333333;1.0;0.6583333333333333;1.0;0.6583333333333333;1.0;0.0;0.0;0.6583333333333333;1.0;party1_utility.xml;party2_utility.xml
3,646;179;;300rounds;Yes;No;2;0,785;0,92857;0;0;1,71357;BayesianAgent@460;BoulwareNegotiationParty@461;0.7849999999999999;0.9285654723948509;0.7849999999999999;0.9285654723948509;0.0;0.9285654723948509;0.0;0.0;0.7849999999999999;0.9285654723948509;party1_utility.xml;party2_utility.xml
0,996;245;;300rounds;Yes;No;2;0,66621;0,94167;0;0,30558;1,60787;boa-negotiator.boaframework.offeringstrategy.anac2010.Yushu_Offering-negotiator.boaframework.acceptanceconditions.anac2011.AC_NiceTitForTat-negotiator.boaframework.opponentmodel.AgentXFrequencyModel-negotiator.boaframework.omstrategy.TheFawkes_OMS@462;BoulwareNegotiationParty@463;0.9416666666666667;0.6662075599338653;0.9416666666666667;0.6662075599338653;0.9416666666666667;0.6662075599338653;0.0;0.0;0.9416666666666667;0.6662075599338653;party1_utility.xml;party2_utility.xml
0,132;138;;300rounds;Yes;No;2;0,49465;0,975;0;0,47369;1,46965;BoulwareNegotiationParty@464;ConcederNegotiationParty@465;0.975;0.49464690002105177;0.975;0.49464690002105177;0.975;0.49464690002105177;0.0;0.0;0.975;0.49464690002105177;party1_utility.xml;party2_utility.xml
0,015;16;;300rounds;Yes;No;2;0,785;0,92857;0;0;1,71357;ConcederNegotiationParty@466;ConcederNegotiationParty@467;0.7849999999999999;0.9285654723948509;0.7849999999999999;0.9285654723948509;0.7849999999999999;0.9285654723948509;0.0;0.0;0.7849999999999999;0.9285654723948509;party1_utility.xml;party2_utility.xml
0,12;8;;300rounds;Yes;No;2;0,65833;1;0;0,14542;1,65833;BayesianAgent@468;ConcederNegotiationParty@469;0.6583333333333333;1.0;0.6583333333333333;1.0;0.0;1.0;0.0;0.0;0.6583333333333333;1.0;party1_utility.xml;party2_utility.xml
0,355;89;;300rounds;Yes;No;2;0,49465;0,975;0;0,47369;1,46965;boa-negotiator.boaframework.offeringstrategy.anac2010.Yushu_Offering-negotiator.boaframework.acceptanceconditions.anac2011.AC_NiceTitForTat-negotiator.boaframework.opponentmodel.AgentXFrequencyModel-negotiator.boaframework.omstrategy.TheFawkes_OMS@470;ConcederNegotiationParty@471;0.975;0.49464690002105177;0.975;0.49464690002105177;0.975;0.49464690002105177;0.0;0.0;0.975;0.49464690002105177;party1_utility.xml;party2_utility.xml
4,953;216;;300rounds;Yes;No;2;0,73255;0,81833;0,06027;0,19883;1,55089;BoulwareNegotiationParty@472;BayesianAgent@473;0.8183333333333335;0.732553347071756;0.8183333333333335;0.732553347071756;0.8183333333333335;0.0;0.0;0.0;0.8183333333333335;0.732553347071756;party1_utility.xml;party2_utility.xml
0,179;12;;300rounds;Yes;No;2;0,73255;0,81833;0,06027;0,19883;1,55089;ConcederNegotiationParty@474;BayesianAgent@475;0.8183333333333335;0.732553347071756;0.8183333333333335;0.732553347071756;0.8183333333333335;0.0;0.0;0.0;0.8183333333333335;0.732553347071756;party1_utility.xml;party2_utility.xml
0,44;16;;300rounds;Yes;No;2;0,84833;0,85649;0;0,09595;1,70482;BayesianAgent@476;BayesianAgent@477;0.8483333333333334;0.8564909885811369;0.8483333333333334;0.8564909885811369;0.0;0.0;0.0;0.0;0.8483333333333334;0.8564909885811369;party1_utility.xml;party2_utility.xml
7,823;272;;300rounds;Yes;No;2;0,73828;0,87833;0;0,21194;1,61662;boa-negotiator.boaframework.offeringstrategy.anac2010.Yushu_Offering-negotiator.boaframework.acceptanceconditions.anac2011.AC_NiceTitForTat-negotiator.boaframework.opponentmodel.AgentXFrequencyModel-negotiator.boaframework.omstrategy.TheFawkes_OMS@478;BayesianAgent@479;0.8783333333333334;0.7382820437475793;0.8783333333333334;0.7382820437475793;0.8783333333333334;0.0;0.0;0.0;0.8783333333333334;0.7382820437475793;party1_utility.xml;party2_utility.xml
0,916;212;;300rounds;Yes;No;2;0,83583;0,84001;0,02068;0,1021;1,67585;BoulwareNegotiationParty@480;boa-negotiator.boaframework.offeringstrategy.anac2010.Yushu_Offering-negotiator.boaframework.acceptanceconditions.anac2011.AC_NiceTitForTat-negotiator.boaframework.opponentmodel.AgentXFrequencyModel-negotiator.boaframework.omstrategy.TheFawkes_OMS@481;0.8358333333333332;0.8400142500258816;0.8358333333333332;0.8400142500258816;0.8358333333333332;0.8400142500258816;0.0;0.0;0.8358333333333332;0.8400142500258816;party1_utility.xml;party2_utility.xml
0,151;38;;300rounds;Yes;No;2;0,65833;1;0;0,14542;1,65833;ConcederNegotiationParty@482;boa-negotiator.boaframework.offeringstrategy.anac2010.Yushu_Offering-negotiator.boaframework.acceptanceconditions.anac2011.AC_NiceTitForTat-negotiator.boaframework.opponentmodel.AgentXFrequencyModel-negotiator.boaframework.omstrategy.TheFawkes_OMS@483;0.6583333333333333;1.0;0.6583333333333333;1.0;0.6583333333333333;1.0;0.0;0.0;0.6583333333333333;1.0;party1_utility.xml;party2_utility.xml
3,714;164;;300rounds;Yes;No;2;0,785;0,92857;0;0;1,71357;BayesianAgent@484;boa-negotiator.boaframework.offeringstrategy.anac2010.Yushu_Offering-negotiator.boaframework.acceptanceconditions.anac2011.AC_NiceTitForTat-negotiator.boaframework.opponentmodel.AgentXFrequencyModel-negotiator.boaframework.omstrategy.TheFawkes_OMS@485;0.7849999999999999;0.9285654723948509;0.7849999999999999;0.9285654723948509;0.0;0.9285654723948509;0.0;0.0;0.7849999999999999;0.9285654723948509;party1_utility.xml;party2_utility.xml
2,174;296;;300rounds;Yes;No;2;0,84833;0,85649;0;0,09595;1,70482;boa-negotiator.boaframework.offeringstrategy.anac2010.Yushu_Offering-negotiator.boaframework.acceptanceconditions.anac2011.AC_NiceTitForTat-negotiator.boaframework.opponentmodel.AgentXFrequencyModel-negotiator.boaframework.omstrategy.TheFawkes_OMS@486;boa-negotiator.boaframework.offeringstrategy.anac2010.Yushu_Offering-negotiator.boaframework.acceptanceconditions.anac2011.AC_NiceTitForTat-negotiator.boaframework.opponentmodel.AgentXFrequencyModel-negotiator.boaframework.omstrategy.TheFawkes_OMS@487;0.8483333333333334;0.8564909885811369;0.8483333333333334;0.8564909885811369;0.8483333333333334;0.8564909885811369;0.0;0.0;0.8483333333333334;0.8564909885811369;party1_utility.xml;party2_utility.xml
0,213;224;;300rounds;Yes;No;2;0,78591;0,815;0,07806;0,14578;1,60091;BoulwareNegotiationParty@488;BoulwareNegotiationParty@489;0.815;0.785905062151012;0.815;0.785905062151012;0.815;0.785905062151012;0.0;0.0;0.815;0.785905062151012;party1_utility.xml;party2_utility.xml
0,044;38;;300rounds;Yes;No;2;0,65833;1;0;0,14542;1,65833;ConcederNegotiationParty@490;BoulwareNegotiationParty@491;0.6583333333333333;1.0;0.6583333333333333;1.0;0.6583333333333333;1.0;0.0;0.0;0.6583333333333333;1.0;party1_utility.xml;party2_utility.xml
3,738;179;;300rounds;Yes;No;2;0,785;0,92857;0;0;1,71357;BayesianAgent@492;BoulwareNegotiationParty@493;0.7849999999999999;0.9285654723948509;0.7849999999999999;0.9285654723948509;0.0;0.9285654723948509;0.0;0.0;0.7849999999999999;0.9285654723948509;party1_utility.xml;party2_utility.xml
1,012;245;;300rounds;Yes;No;2;0,66621;0,94167;0;0,30558;1,60787;boa-negotiator.boaframework.offeringstrategy.anac2010.Yushu_Offering-negotiator.boaframework.acceptanceconditions.anac2011.AC_NiceTitForTat-negotiator.boaframework.opponentmodel.AgentXFrequencyModel-negotiator.boaframework.omstrategy.TheFawkes_OMS@494;BoulwareNegotiationParty@495;0.9416666666666667;0.6662075599338653;0.9416666666666667;0.6662075599338653;0.9416666666666667;0.6662075599338653;0.0;0.0;0.9416666666666667;0.6662075599338653;party1_utility.xml;party2_utility.xml
0,132;138;;300rounds;Yes;No;2;0,49465;0,975;0;0,47369;1,46965;BoulwareNegotiationParty@496;ConcederNegotiationParty@497;0.975;0.49464690002105177;0.975;0.49464690002105177;0.975;0.49464690002105177;0.0;0.0;0.975;0.49464690002105177;party1_utility.xml;party2_utility.xml
0,017;16;;300rounds;Yes;No;2;0,785;0,92857;0;0;1,71357;ConcederNegotiationParty@498;ConcederNegotiationParty@499;0.7849999999999999;0.9285654723948509;0.7849999999999999;0.9285654723948509;0.7849999999999999;0.9285654723948509;0.0;0.0;0.7849999999999999;0.9285654723948509;party1_utility.xml;party2_utility.xml
0,129;8;;300rounds;Yes;No;2;0,65833;1;0;0,14542;1,65833;BayesianAgent@500;ConcederNegotiationParty@501;0.6583333333333333;1.0;0.6583333333333333;1.0;0.0;1.0;0.0;0.0;0.6583333333333333;1.0;party1_utility.xml;party2_utility.xml
0,366;89;;300rounds;Yes;No;2;0,49465;0,975;0;0,47369;1,46965;boa-negotiator.boaframework.offeringstrategy.anac2010.Yushu_Offering-negotiator.boaframework.acceptanceconditions.anac2011.AC_NiceTitForTat-negotiator.boaframework.opponentmodel.AgentXFrequencyModel-negotiator.boaframework.omstrategy.TheFawkes_OMS@502;ConcederNegotiationParty@503;0.975;0.49464690002105177;0.975;0.49464690002105177;0.975;0.49464690002105177;0.0;0.0;0.975;0.49464690002105177;party1_utility.xml;party2_utility.xml
4,807;216;;300rounds;Yes;No;2;0,73255;0,81833;0,06027;0,19883;1,55089;BoulwareNegotiationParty@504;BayesianAgent@505;0.8183333333333335;0.732553347071756;0.8183333333333335;0.732553347071756;0.8183333333333335;0.0;0.0;0.0;0.8183333333333335;0.732553347071756;party1_utility.xml;party2_utility.xml
0,177;12;;300rounds;Yes;No;2;0,73255;0,81833;0,06027;0,19883;1,55089;ConcederNegotiationParty@506;BayesianAgent@507;0.8183333333333335;0.732553347071756;0.8183333333333335;0.732553347071756;0.8183333333333335;0.0;0.0;0.0;0.8183333333333335;0.732553347071756;party1_utility.xml;party2_utility.xml
0,432;16;;300rounds;Yes;No;2;0,84833;0,85649;0;0,09595;1,70482;BayesianAgent@508;BayesianAgent@509;0.8483333333333334;0.8564909885811369;0.8483333333333334;0.8564909885811369;0.0;0.0;0.0;0.0;0.8483333333333334;0.8564909885811369;party1_utility.xml;party2_utility.xml
8,001;272;;300rounds;Yes;No;2;0,73828;0,87833;0;0,21194;1,61662;boa-negotiator.boaframework.offeringstrategy.anac2010.Yushu_Offering-negotiator.boaframework.acceptanceconditions.anac2011.AC_NiceTitForTat-negotiator.boaframework.opponentmodel.AgentXFrequencyModel-negotiator.boaframework.omstrategy.TheFawkes_OMS@510;BayesianAgent@511;0.8783333333333334;0.7382820437475793;0.8783333333333334;0.7382820437475793;0.8783333333333334;0.0;0.0;0.0;0.8783333333333334;0.7382820437475793;party1_utility.xml;party2_utility.xml
0,965;212;;300rounds;Yes;No;2;0,83583;0,84001;0,02068;0,1021;1,67585;BoulwareNegotiationParty@512;boa-negotiator.boaframework.offeringstrategy.anac2010.Yushu_Offering-negotiator.boaframework.acceptanceconditions.anac2011.AC_NiceTitForTat-negotiator.boaframework.opponentmodel.AgentXFrequencyModel-negotiator.boaframework.omstrategy.TheFawkes_OMS@513;0.8358333333333332;0.8400142500258816;0.8358333333333332;0.8400142500258816;0.8358333333333332;0.8400142500258816;0.0;0.0;0.8358333333333332;0.8400142500258816;party1_utility.xml;party2_utility.xml
0,154;38;;300rounds;Yes;No;2;0,65833;1;0;0,14542;1,65833;ConcederNegotiationParty@514;boa-negotiator.boaframework.offeringstrategy.anac2010.Yushu_Offering-negotiator.boaframework.acceptanceconditions.anac2011.AC_NiceTitForTat-negotiator.boaframework.opponentmodel.AgentXFrequencyModel-negotiator.boaframework.omstrategy.TheFawkes_OMS@515;0.6583333333333333;1.0;0.6583333333333333;1.0;0.6583333333333333;1.0;0.0;0.0;0.6583333333333333;1.0;party1_utility.xml;party2_utility.xml
3,755;164;;300rounds;Yes;No;2;0,785;0,92857;0;0;1,71357;BayesianAgent@516;boa-negotiator.boaframework.offeringstrategy.anac2010.Yushu_Offering-negotiator.boaframework.acceptanceconditions.anac2011.AC_NiceTitForTat-negotiator.boaframework.opponentmodel.AgentXFrequencyModel-negotiator.boaframework.omstrategy.TheFawkes_OMS@517;0.7849999999999999;0.9285654723948509;0.7849999999999999;0.9285654723948509;0.0;0.9285654723948509;0.0;0.0;0.7849999999999999;0.9285654723948509;party1_utility.xml;party2_utility.xml
2,285;296;;300rounds;Yes;No;2;0,84833;0,85649;0;0,09595;1,70482;boa-negotiator.boaframework.offeringstrategy.anac2010.Yushu_Offering-negotiator.boaframework.acceptanceconditions.anac2011.AC_NiceTitForTat-negotiator.boaframework.opponentmodel.AgentXFrequencyModel-negotiator.boaframework.omstrategy.TheFawkes_OMS@518;boa-negotiator.boaframework.offeringstrategy.anac2010.Yushu_Offering-negotiator.boaframework.acceptanceconditions.anac2011.AC_NiceTitForTat-negotiator.boaframework.opponentmodel.AgentXFrequencyModel-negotiator.boaframework.omstrategy.TheFawkes_OMS@519;0.8483333333333334;0.8564909885811369;0.8483333333333334;0.8564909885811369;0.8483333333333334;0.8564909885811369;0.0;0.0;0.8483333333333334;0.8564909885811369;party1_utility.xml;party2_utility.xml
0,219;224;;300rounds;Yes;No;2;0,78591;0,815;0,07806;0,14578;1,60091;BoulwareNegotiationParty@520;BoulwareNegotiationParty@521;0.815;0.785905062151012;0.815;0.785905062151012;0.815;0.785905062151012;0.0;0.0;0.815;0.785905062151012;party1_utility.xml;party2_utility.xml
0,038;38;;300rounds;Yes;No;2;0,65833;1;0;0,14542;1,65833;ConcederNegotiationParty@522;BoulwareNegotiationParty@523;0.6583333333333333;1.0;0.6583333333333333;1.0;0.6583333333333333;1.0;0.0;0.0;0.6583333333333333;1.0;party1_utility.xml;party2_utility.xml
3,594;179;;300rounds;Yes;No;2;0,785;0,92857;0;0;1,71357;BayesianAgent@524;BoulwareNegotiationParty@525;0.7849999999999999;0.9285654723948509;0.7849999999999999;0.9285654723948509;0.0;0.9285654723948509;0.0;0.0;0.7849999999999999;0.9285654723948509;party1_utility.xml;party2_utility.xml
1,002;245;;300rounds;Yes;No;2;0,66621;0,94167;0;0,30558;1,60787;boa-negotiator.boaframework.offeringstrategy.anac2010.Yushu_Offering-negotiator.boaframework.acceptanceconditions.anac2011.AC_NiceTitForTat-negotiator.boaframework.opponentmodel.AgentXFrequencyModel-negotiator.boaframework.omstrategy.TheFawkes_OMS@526;BoulwareNegotiationParty@527;0.9416666666666667;0.6662075599338653;0.9416666666666667;0.6662075599338653;0.9416666666666667;0.6662075599338653;0.0;0.0;0.9416666666666667;0.6662075599338653;party1_utility.xml;party2_utility.xml
0,126;138;;300rounds;Yes;No;2;0,49465;0,975;0;0,47369;1,46965;BoulwareNegotiationParty@528;ConcederNegotiationParty@529;0.975;0.49464690002105177;0.975;0.49464690002105177;0.975;0.49464690002105177;0.0;0.0;0.975;0.49464690002105177;party1_utility.xml;party2_utility.xml
0,015;16;;300rounds;Yes;No;2;0,785;0,92857;0;0;1,71357;ConcederNegotiationParty@530;ConcederNegotiationParty@531;0.7849999999999999;0.9285654723948509;0.7849999999999999;0.9285654723948509;0.7849999999999999;0.9285654723948509;0.0;0.0;0.7849999999999999;0.9285654723948509;party1_utility.xml;party2_utility.xml
0,124;8;;300rounds;Yes;No;2;0,65833;1;0;0,14542;1,65833;BayesianAgent@532;ConcederNegotiationParty@533;0.6583333333333333;1.0;0.6583333333333333;1.0;0.0;1.0;0.0;0.0;0.6583333333333333;1.0;party1_utility.xml;party2_utility.xml
0,369;89;;300rounds;Yes;No;2;0,49465;0,975;0;0,47369;1,46965;boa-negotiator.boaframework.offeringstrategy.anac2010.Yushu_Offering-negotiator.boaframework.acceptanceconditions.anac2011.AC_NiceTitForTat-negotiator.boaframework.opponentmodel.AgentXFrequencyModel-negotiator.boaframework.omstrategy.TheFawkes_OMS@534;ConcederNegotiationParty@535;0.975;0.49464690002105177;0.975;0.49464690002105177;0.975;0.49464690002105177;0.0;0.0;0.975;0.49464690002105177;party1_utility.xml;party2_utility.xml
5,02;216;;300rounds;Yes;No;2;0,73255;0,81833;0,06027;0,19883;1,55089;BoulwareNegotiationParty@536;BayesianAgent@537;0.8183333333333335;0.732553347071756;0.8183333333333335;0.732553347071756;0.8183333333333335;0.0;0.0;0.0;0.8183333333333335;0.732553347071756;party1_utility.xml;party2_utility.xml
0,174;12;;300rounds;Yes;No;2;0,73255;0,81833;0,06027;0,19883;1,55089;ConcederNegotiationParty@538;BayesianAgent@539;0.8183333333333335;0.732553347071756;0.8183333333333335;0.732553347071756;0.8183333333333335;0.0;0.0;0.0;0.8183333333333335;0.732553347071756;party1_utility.xml;party2_utility.xml
0,432;16;;300rounds;Yes;No;2;0,84833;0,85649;0;0,09595;1,70482;BayesianAgent@540;BayesianAgent@541;0.8483333333333334;0.8564909885811369;0.8483333333333334;0.8564909885811369;0.0;0.0;0.0;0.0;0.8483333333333334;0.8564909885811369;party1_utility.xml;party2_utility.xml
7,684;272;;300rounds;Yes;No;2;0,73828;0,87833;0;0,21194;1,61662;boa-negotiator.boaframework.offeringstrategy.anac2010.Yushu_Offering-negotiator.boaframework.acceptanceconditions.anac2011.AC_NiceTitForTat-negotiator.boaframework.opponentmodel.AgentXFrequencyModel-negotiator.boaframework.omstrategy.TheFawkes_OMS@542;BayesianAgent@543;0.8783333333333334;0.7382820437475793;0.8783333333333334;0.7382820437475793;0.8783333333333334;0.0;0.0;0.0;0.8783333333333334;0.7382820437475793;party1_utility.xml;party2_utility.xml
0,916;212;;300rounds;Yes;No;2;0,83583;0,84001;0,02068;0,1021;1,67585;BoulwareNegotiationParty@544;boa-negotiator.boaframework.offeringstrategy.anac2010.Yushu_Offering-negotiator.boaframework.acceptanceconditions.anac2011.AC_NiceTitForTat-negotiator.boaframework.opponentmodel.AgentXFrequencyModel-negotiator.boaframework.omstrategy.TheFawkes_OMS@545;0.8358333333333332;0.8400142500258816;0.8358333333333332;0.8400142500258816;0.8358333333333332;0.8400142500258816;0.0;0.0;0.8358333333333332;0.8400142500258816;party1_utility.xml;party2_utility.xml
0,149;38;;300rounds;Yes;No;2;0,65833;1;0;0,14542;1,65833;ConcederNegotiationParty@546;boa-negotiator.boaframework.offeringstrategy.anac2010.Yushu_Offering-negotiator.boaframework.acceptanceconditions.anac2011.AC_NiceTitForTat-negotiator.boaframework.opponentmodel.AgentXFrequencyModel-negotiator.boaframework.omstrategy.TheFawkes_OMS@547;0.6583333333333333;1.0;0.6583333333333333;1.0;0.6583333333333333;1.0;0.0;0.0;0.6583333333333333;1.0;party1_utility.xml;party2_utility.xml
3,725;164;;300rounds;Yes;No;2;0,785;0,92857;0;0;1,71357;BayesianAgent@548;boa-negotiator.boaframework.offeringstrategy.anac2010.Yushu_Offering-negotiator.boaframework.acceptanceconditions.anac2011.AC_NiceTitForTat-negotiator.boaframework.opponentmodel.AgentXFrequencyModel-negotiator.boaframework.omstrategy.TheFawkes_OMS@549;0.7849999999999999;0.9285654723948509;0.7849999999999999;0.9285654723948509;0.0;0.9285654723948509;0.0;0.0;0.7849999999999999;0.9285654723948509;party1_utility.xml;party2_utility.xml
2,208;296;;300rounds;Yes;No;2;0,84833;0,85649;0;0,09595;1,70482;boa-negotiator.boaframework.offeringstrategy.anac2010.Yushu_Offering-negotiator.boaframework.acceptanceconditions.anac2011.AC_NiceTitForTat-negotiator.boaframework.opponentmodel.AgentXFrequencyModel-negotiator.boaframework.omstrategy.TheFawkes_OMS@550;boa-negotiator.boaframework.offeringstrategy.anac2010.Yushu_Offering-negotiator.boaframework.acceptanceconditions.anac2011.AC_NiceTitForTat-negotiator.boaframework.opponentmodel.AgentXFrequencyModel-negotiator.boaframework.omstrategy.TheFawkes_OMS@551;0.8483333333333334;0.8564909885811369;0.8483333333333334;0.8564909885811369;0.8483333333333334;0.8564909885811369;0.0;0.0;0.8483333333333334;0.8564909885811369;party1_utility.xml;party2_utility.xml
0,225;224;;300rounds;Yes;No;2;0,78591;0,815;0,07806;0,14578;1,60091;BoulwareNegotiationParty@552;BoulwareNegotiationParty@553;0.815;0.785905062151012;0.815;0.785905062151012;0.815;0.785905062151012;0.0;0.0;0.815;0.785905062151012;party1_utility.xml;party2_utility.xml
0,035;38;;300rounds;Yes;No;2;0,65833;1;0;0,14542;1,65833;ConcederNegotiationParty@554;BoulwareNegotiationParty@555;0.6583333333333333;1.0;0.6583333333333333;1.0;0.6583333333333333;1.0;0.0;0.0;0.6583333333333333;1.0;party1_utility.xml;party2_utility.xml
3,853;179;;300rounds;Yes;No;2;0,785;0,92857;0;0;1,71357;BayesianAgent@556;BoulwareNegotiationParty@557;0.7849999999999999;0.9285654723948509;0.7849999999999999;0.9285654723948509;0.0;0.9285654723948509;0.0;0.0;0.7849999999999999;0.9285654723948509;party1_utility.xml;party2_utility.xml
1,012;245;;300rounds;Yes;No;2;0,66621;0,94167;0;0,30558;1,60787;boa-negotiator.boaframework.offeringstrategy.anac2010.Yushu_Offering-negotiator.boaframework.acceptanceconditions.anac2011.AC_NiceTitForTat-negotiator.boaframework.opponentmodel.AgentXFrequencyModel-negotiator.boaframework.omstrategy.TheFawkes_OMS@558;BoulwareNegotiationParty@559;0.9416666666666667;0.6662075599338653;0.9416666666666667;0.6662075599338653;0.9416666666666667;0.6662075599338653;0.0;0.0;0.9416666666666667;0.6662075599338653;party1_utility.xml;party2_utility.xml
0,134;138;;300rounds;Yes;No;2;0,49465;0,975;0;0,47369;1,46965;BoulwareNegotiationParty@560;ConcederNegotiationParty@561;0.975;0.49464690002105177;0.975;0.49464690002105177;0.975;0.49464690002105177;0.0;0.0;0.975;0.49464690002105177;party1_utility.xml;party2_utility.xml
0,016;16;;300rounds;Yes;No;2;0,785;0,92857;0;0;1,71357;ConcederNegotiationParty@562;ConcederNegotiationParty@563;0.7849999999999999;0.9285654723948509;0.7849999999999999;0.9285654723948509;0.7849999999999999;0.9285654723948509;0.0;0.0;0.7849999999999999;0.9285654723948509;party1_utility.xml;party2_utility.xml
0,131;8;;300rounds;Yes;No;2;0,65833;1;0;0,14542;1,65833;BayesianAgent@564;ConcederNegotiationParty@565;0.6583333333333333;1.0;0.6583333333333333;1.0;0.0;1.0;0.0;0.0;0.6583333333333333;1.0;party1_utility.xml;party2_utility.xml
0,359;89;;300rounds;Yes;No;2;0,49465;0,975;0;0,47369;1,46965;boa-negotiator.boaframework.offeringstrategy.anac2010.Yushu_Offering-negotiator.boaframework.acceptanceconditions.anac2011.AC_NiceTitForTat-negotiator.boaframework.opponentmodel.AgentXFrequencyModel-negotiator.boaframework.omstrategy.TheFawkes_OMS@566;ConcederNegotiationParty@567;0.975;0.49464690002105177;0.975;0.49464690002105177;0.975;0.49464690002105177;0.0;0.0;0.975;0.49464690002105177;party1_utility.xml;party2_utility.xml
4,802;216;;300rounds;Yes;No;2;0,73255;0,81833;0,06027;0,19883;1,55089;BoulwareNegotiationParty@568;BayesianAgent@569;0.8183333333333335;0.732553347071756;0.8183333333333335;0.732553347071756;0.8183333333333335;0.0;0.0;0.0;0.8183333333333335;0.732553347071756;party1_utility.xml;party2_utility.xml
0,193;12;;300rounds;Yes;No;2;0,73255;0,81833;0,06027;0,19883;1,55089;ConcederNegotiationParty@570;BayesianAgent@571;0.8183333333333335;0.732553347071756;0.8183333333333335;0.732553347071756;0.8183333333333335;0.0;0.0;0.0;0.8183333333333335;0.732553347071756;party1_utility.xml;party2_utility.xml
0,456;16;;300rounds;Yes;No;2;0,84833;0,85649;0;0,09595;1,70482;BayesianAgent@572;BayesianAgent@573;0.8483333333333334;0.8564909885811369;0.8483333333333334;0.8564909885811369;0.0;0.0;0.0;0.0;0.8483333333333334;0.8564909885811369;party1_utility.xml;party2_utility.xml
7,983;272;;300rounds;Yes;No;2;0,73828;0,87833;0;0,21194;1,61662;boa-negotiator.boaframework.offeringstrategy.anac2010.Yushu_Offering-negotiator.boaframework.acceptanceconditions.anac2011.AC_NiceTitForTat-negotiator.boaframework.opponentmodel.AgentXFrequencyModel-negotiator.boaframework.omstrategy.TheFawkes_OMS@574;BayesianAgent@575;0.8783333333333334;0.7382820437475793;0.8783333333333334;0.7382820437475793;0.8783333333333334;0.0;0.0;0.0;0.8783333333333334;0.7382820437475793;party1_utility.xml;party2_utility.xml
0,904;212;;300rounds;Yes;No;2;0,83583;0,84001;0,02068;0,1021;1,67585;BoulwareNegotiationParty@576;boa-negotiator.boaframework.offeringstrategy.anac2010.Yushu_Offering-negotiator.boaframework.acceptanceconditions.anac2011.AC_NiceTitForTat-negotiator.boaframework.opponentmodel.AgentXFrequencyModel-negotiator.boaframework.omstrategy.TheFawkes_OMS@577;0.8358333333333332;0.8400142500258816;0.8358333333333332;0.8400142500258816;0.8358333333333332;0.8400142500258816;0.0;0.0;0.8358333333333332;0.8400142500258816;party1_utility.xml;party2_utility.xml
0,142;38;;300rounds;Yes;No;2;0,65833;1;0;0,14542;1,65833;ConcederNegotiationParty@578;boa-negotiator.boaframework.offeringstrategy.anac2010.Yushu_Offering-negotiator.boaframework.acceptanceconditions.anac2011.AC_NiceTitForTat-negotiator.boaframework.opponentmodel.AgentXFrequencyModel-negotiator.boaframework.omstrategy.TheFawkes_OMS@579;0.6583333333333333;1.0;0.6583333333333333;1.0;0.6583333333333333;1.0;0.0;0.0;0.6583333333333333;1.0;party1_utility.xml;party2_utility.xml
3,773;164;;300rounds;Yes;No;2;0,785;0,92857;0;0;1,71357;BayesianAgent@580;boa-negotiator.boaframework.offeringstrategy.anac2010.Yushu_Offering-negotiator.boaframework.acceptanceconditions.anac2011.AC_NiceTitForTat-negotiator.boaframework.opponentmodel.AgentXFrequencyModel-negotiator.boaframework.omstrategy.TheFawkes_OMS@581;0.7849999999999999;0.9285654723948509;0.7849999999999999;0.9285654723948509;0.0;0.9285654723948509;0.0;0.0;0.7849999999999999;0.9285654723948509;party1_utility.xml;party2_utility.xml
2,255;296;;300rounds;Yes;No;2;0,84833;0,85649;0;0,09595;1,70482;boa-negotiator.boaframework.offeringstrategy.anac2010.Yushu_Offering-negotiator.boaframework.acceptanceconditions.anac2011.AC_NiceTitForTat-negotiator.boaframework.opponentmodel.AgentXFrequencyModel-negotiator.boaframework.omstrategy.TheFawkes_OMS@582;boa-negotiator.boaframework.offeringstrategy.anac2010.Yushu_Offering-negotiator.boaframework.acceptanceconditions.anac2011.AC_NiceTitForTat-negotiator.boaframework.opponentmodel.AgentXFrequencyModel-negotiator.boaframework.omstrategy.TheFawkes_OMS@583;0.8483333333333334;0.8564909885811369;0.8483333333333334;0.8564909885811369;0.8483333333333334;0.8564909885811369;0.0;0.0;0.8483333333333334;0.8564909885811369;party1_utility.xml;party2_utility.xml
0,23;224;;300rounds;Yes;No;2;0,78591;0,815;0,07806;0,14578;1,60091;BoulwareNegotiationParty@584;BoulwareNegotiationParty@585;0.815;0.785905062151012;0.815;0.785905062151012;0.815;0.785905062151012;0.0;0.0;0.815;0.785905062151012;party1_utility.xml;party2_utility.xml
0,044;38;;300rounds;Yes;No;2;0,65833;1;0;0,14542;1,65833;ConcederNegotiationParty@586;BoulwareNegotiationParty@587;0.6583333333333333;1.0;0.6583333333333333;1.0;0.6583333333333333;1.0;0.0;0.0;0.6583333333333333;1.0;party1_utility.xml;party2_utility.xml
3,632;179;;300rounds;Yes;No;2;0,785;0,92857;0;0;1,71357;BayesianAgent@588;BoulwareNegotiationParty@589;0.7849999999999999;0.9285654723948509;0.7849999999999999;0.9285654723948509;0.0;0.9285654723948509;0.0;0.0;0.7849999999999999;0.9285654723948509;party1_utility.xml;party2_utility.xml
1,035;245;;300rounds;Yes;No;2;0,66621;0,94167;0;0,30558;1,60787;boa-negotiator.boaframework.offeringstrategy.anac2010.Yushu_Offering-negotiator.boaframework.acceptanceconditions.anac2011.AC_NiceTitForTat-negotiator.boaframework.opponentmodel.AgentXFrequencyModel-negotiator.boaframework.omstrategy.TheFawkes_OMS@590;BoulwareNegotiationParty@591;0.9416666666666667;0.6662075599338653;0.9416666666666667;0.6662075599338653;0.9416666666666667;0.6662075599338653;0.0;0.0;0.9416666666666667;0.6662075599338653;party1_utility.xml;party2_utility.xml
0,138;138;;300rounds;Yes;No;2;0,49465;0,975;0;0,47369;1,46965;BoulwareNegotiationParty@592;ConcederNegotiationParty@593;0.975;0.49464690002105177;0.975;0.49464690002105177;0.975;0.49464690002105177;0.0;0.0;0.975;0.49464690002105177;party1_utility.xml;party2_utility.xml
0,015;16;;300rounds;Yes;No;2;0,785;0,92857;0;0;1,71357;ConcederNegotiationParty@594;ConcederNegotiationParty@595;0.7849999999999999;0.9285654723948509;0.7849999999999999;0.9285654723948509;0.7849999999999999;0.9285654723948509;0.0;0.0;0.7849999999999999;0.9285654723948509;party1_utility.xml;party2_utility.xml
0,128;8;;300rounds;Yes;No;2;0,65833;1;0;0,14542;1,65833;BayesianAgent@596;ConcederNegotiationParty@597;0.6583333333333333;1.0;0.6583333333333333;1.0;0.0;1.0;0.0;0.0;0.6583333333333333;1.0;party1_utility.xml;party2_utility.xml
0,37;89;;300rounds;Yes;No;2;0,49465;0,975;0;0,47369;1,46965;boa-negotiator.boaframework.offeringstrategy.anac2010.Yushu_Offering-negotiator.boaframework.acceptanceconditions.anac2011.AC_NiceTitForTat-negotiator.boaframework.opponentmodel.AgentXFrequencyModel-negotiator.boaframework.omstrategy.TheFawkes_OMS@598;ConcederNegotiationParty@599;0.975;0.49464690002105177;0.975;0.49464690002105177;0.975;0.49464690002105177;0.0;0.0;0.975;0.49464690002105177;party1_utility.xml;party2_utility.xml
4,984;216;;300rounds;Yes;No;2;0,73255;0,81833;0,06027;0,19883;1,55089;BoulwareNegotiationParty@600;BayesianAgent@601;0.8183333333333335;0.732553347071756;0.8183333333333335;0.732553347071756;0.8183333333333335;0.0;0.0;0.0;0.8183333333333335;0.732553347071756;party1_utility.xml;party2_utility.xml
0,174;12;;300rounds;Yes;No;2;0,73255;0,81833;0,06027;0,19883;1,55089;ConcederNegotiationParty@602;BayesianAgent@603;0.8183333333333335;0.732553347071756;0.8183333333333335;0.732553347071756;0.8183333333333335;0.0;0.0;0.0;0.8183333333333335;0.732553347071756;party1_utility.xml;party2_utility.xml
0,424;16;;300rounds;Yes;No;2;0,84833;0,85649;0;0,09595;1,70482;BayesianAgent@604;BayesianAgent@605;0.8483333333333334;0.8564909885811369;0.8483333333333334;0.8564909885811369;0.0;0.0;0.0;0.0;0.8483333333333334;0.8564909885811369;party1_utility.xml;party2_utility.xml
7,871;272;;300rounds;Yes;No;2;0,73828;0,87833;0;0,21194;1,61662;boa-negotiator.boaframework.offeringstrategy.anac2010.Yushu_Offering-negotiator.boaframework.acceptanceconditions.anac2011.AC_NiceTitForTat-negotiator.boaframework.opponentmodel.AgentXFrequencyModel-negotiator.boaframework.omstrategy.TheFawkes_OMS@606;BayesianAgent@607;0.8783333333333334;0.7382820437475793;0.8783333333333334;0.7382820437475793;0.8783333333333334;0.0;0.0;0.0;0.8783333333333334;0.7382820437475793;party1_utility.xml;party2_utility.xml
0,883;212;;300rounds;Yes;No;2;0,83583;0,84001;0,02068;0,1021;1,67585;BoulwareNegotiationParty@608;boa-negotiator.boaframework.offeringstrategy.anac2010.Yushu_Offering-negotiator.boaframework.acceptanceconditions.anac2011.AC_NiceTitForTat-negotiator.boaframework.opponentmodel.AgentXFrequencyModel-negotiator.boaframework.omstrategy.TheFawkes_OMS@609;0.8358333333333332;0.8400142500258816;0.8358333333333332;0.8400142500258816;0.8358333333333332;0.8400142500258816;0.0;0.0;0.8358333333333332;0.8400142500258816;party1_utility.xml;party2_utility.xml
0,146;38;;300rounds;Yes;No;2;0,65833;1;0;0,14542;1,65833;ConcederNegotiationParty@610;boa-negotiator.boaframework.offeringstrategy.anac2010.Yushu_Offering-negotiator.boaframework.acceptanceconditions.anac2011.AC_NiceTitForTat-negotiator.boaframework.opponentmodel.AgentXFrequencyModel-negotiator.boaframework.omstrategy.TheFawkes_OMS@611;0.6583333333333333;1.0;0.6583333333333333;1.0;0.6583333333333333;1.0;0.0;0.0;0.6583333333333333;1.0;party1_utility.xml;party2_utility.xml
3,6;164;;300rounds;Yes;No;2;0,785;0,92857;0;0;1,71357;BayesianAgent@612;boa-negotiator.boaframework.offeringstrategy.anac2010.Yushu_Offering-negotiator.boaframework.acceptanceconditions.anac2011.AC_NiceTitForTat-negotiator.boaframework.opponentmodel.AgentXFrequencyModel-negotiator.boaframework.omstrategy.TheFawkes_OMS@613;0.7849999999999999;0.9285654723948509;0.7849999999999999;0.9285654723948509;0.0;0.9285654723948509;0.0;0.0;0.7849999999999999;0.9285654723948509;party1_utility.xml;party2_utility.xml
2,236;296;;300rounds;Yes;No;2;0,84833;0,85649;0;0,09595;1,70482;boa-negotiator.boaframework.offeringstrategy.anac2010.Yushu_Offering-negotiator.boaframework.acceptanceconditions.anac2011.AC_NiceTitForTat-negotiator.boaframework.opponentmodel.AgentXFrequencyModel-negotiator.boaframework.omstrategy.TheFawkes_OMS@614;boa-negotiator.boaframework.offeringstrategy.anac2010.Yushu_Offering-negotiator.boaframework.acceptanceconditions.anac2011.AC_NiceTitForTat-negotiator.boaframework.opponentmodel.AgentXFrequencyModel-negotiator.boaframework.omstrategy.TheFawkes_OMS@615;0.8483333333333334;0.8564909885811369;0.8483333333333334;0.8564909885811369;0.8483333333333334;0.8564909885811369;0.0;0.0;0.8483333333333334;0.8564909885811369;party1_utility.xml;party2_utility.xml
0,225;224;;300rounds;Yes;No;2;0,78591;0,815;0,07806;0,14578;1,60091;BoulwareNegotiationParty@616;BoulwareNegotiationParty@617;0.815;0.785905062151012;0.815;0.785905062151012;0.815;0.785905062151012;0.0;0.0;0.815;0.785905062151012;party1_utility.xml;party2_utility.xml
0,046;38;;300rounds;Yes;No;2;0,65833;1;0;0,14542;1,65833;ConcederNegotiationParty@618;BoulwareNegotiationParty@619;0.6583333333333333;1.0;0.6583333333333333;1.0;0.6583333333333333;1.0;0.0;0.0;0.6583333333333333;1.0;party1_utility.xml;party2_utility.xml
3,771;179;;300rounds;Yes;No;2;0,785;0,92857;0;0;1,71357;BayesianAgent@620;BoulwareNegotiationParty@621;0.7849999999999999;0.9285654723948509;0.7849999999999999;0.9285654723948509;0.0;0.9285654723948509;0.0;0.0;0.7849999999999999;0.9285654723948509;party1_utility.xml;party2_utility.xml
1,25;245;;300rounds;Yes;No;2;0,66621;0,94167;0;0,30558;1,60787;boa-negotiator.boaframework.offeringstrategy.anac2010.Yushu_Offering-negotiator.boaframework.acceptanceconditions.anac2011.AC_NiceTitForTat-negotiator.boaframework.opponentmodel.AgentXFrequencyModel-negotiator.boaframework.omstrategy.TheFawkes_OMS@622;BoulwareNegotiationParty@623;0.9416666666666667;0.6662075599338653;0.9416666666666667;0.6662075599338653;0.9416666666666667;0.6662075599338653;0.0;0.0;0.9416666666666667;0.6662075599338653;party1_utility.xml;party2_utility.xml
0,181;138;;300rounds;Yes;No;2;0,49465;0,975;0;0,47369;1,46965;BoulwareNegotiationParty@624;ConcederNegotiationParty@625;0.975;0.49464690002105177;0.975;0.49464690002105177;0.975;0.49464690002105177;0.0;0.0;0.975;0.49464690002105177;party1_utility.xml;party2_utility.xml
0,023;16;;300rounds;Yes;No;2;0,785;0,92857;0;0;1,71357;ConcederNegotiationParty@626;ConcederNegotiationParty@627;0.7849999999999999;0.9285654723948509;0.7849999999999999;0.9285654723948509;0.7849999999999999;0.9285654723948509;0.0;0.0;0.7849999999999999;0.9285654723948509;party1_utility.xml;party2_utility.xml
0,154;8;;300rounds;Yes;No;2;0,65833;1;0;0,14542;1,65833;BayesianAgent@628;ConcederNegotiationParty@629;0.6583333333333333;1.0;0.6583333333333333;1.0;0.0;1.0;0.0;0.0;0.6583333333333333;1.0;party1_utility.xml;party2_utility.xml
0,402;89;;300rounds;Yes;No;2;0,49465;0,975;0;0,47369;1,46965;boa-negotiator.boaframework.offeringstrategy.anac2010.Yushu_Offering-negotiator.boaframework.acceptanceconditions.anac2011.AC_NiceTitForTat-negotiator.boaframework.opponentmodel.AgentXFrequencyModel-negotiator.boaframework.omstrategy.TheFawkes_OMS@630;ConcederNegotiationParty@631;0.975;0.49464690002105177;0.975;0.49464690002105177;0.975;0.49464690002105177;0.0;0.0;0.975;0.49464690002105177;party1_utility.xml;party2_utility.xml
4,822;216;;300rounds;Yes;No;2;0,73255;0,81833;0,06027;0,19883;1,55089;BoulwareNegotiationParty@632;BayesianAgent@633;0.8183333333333335;0.732553347071756;0.8183333333333335;0.732553347071756;0.8183333333333335;0.0;0.0;0.0;0.8183333333333335;0.732553347071756;party1_utility.xml;party2_utility.xml
0,181;12;;300rounds;Yes;No;2;0,73255;0,81833;0,06027;0,19883;1,55089;ConcederNegotiationParty@634;BayesianAgent@635;0.8183333333333335;0.732553347071756;0.8183333333333335;0.732553347071756;0.8183333333333335;0.0;0.0;0.0;0.8183333333333335;0.732553347071756;party1_utility.xml;party2_utility.xml
0,472;16;;300rounds;Yes;No;2;0,84833;0,85649;0;0,09595;1,70482;BayesianAgent@636;BayesianAgent@637;0.8483333333333334;0.8564909885811369;0.8483333333333334;0.8564909885811369;0.0;0.0;0.0;0.0;0.8483333333333334;0.8564909885811369;party1_utility.xml;party2_utility.xml
9,843;272;;300rounds;Yes;No;2;0,73828;0,87833;0;0,21194;1,61662;boa-negotiator.boaframework.offeringstrategy.anac2010.Yushu_Offering-negotiator.boaframework.acceptanceconditions.anac2011.AC_NiceTitForTat-negotiator.boaframework.opponentmodel.AgentXFrequencyModel-negotiator.boaframework.omstrategy.TheFawkes_OMS@638;BayesianAgent@639;0.8783333333333334;0.7382820437475793;0.8783333333333334;0.7382820437475793;0.8783333333333334;0.0;0.0;0.0;0.8783333333333334;0.7382820437475793;party1_utility.xml;party2_utility.xml
1,412;212;;300rounds;Yes;No;2;0,83583;0,84001;0,02068;0,1021;1,67585;BoulwareNegotiationParty@640;boa-negotiator.boaframework.offeringstrategy.anac2010.Yushu_Offering-negotiator.boaframework.acceptanceconditions.anac2011.AC_NiceTitForTat-negotiator.boaframework.opponentmodel.AgentXFrequencyModel-negotiator.boaframework.omstrategy.TheFawkes_OMS@641;0.8358333333333332;0.8400142500258816;0.8358333333333332;0.8400142500258816;0.8358333333333332;0.8400142500258816;0.0;0.0;0.8358333333333332;0.8400142500258816;party1_utility.xml;party2_utility.xml
0,223;38;;300rounds;Yes;No;2;0,65833;1;0;0,14542;1,65833;ConcederNegotiationParty@642;boa-negotiator.boaframework.offeringstrategy.anac2010.Yushu_Offering-negotiator.boaframework.acceptanceconditions.anac2011.AC_NiceTitForTat-negotiator.boaframework.opponentmodel.AgentXFrequencyModel-negotiator.boaframework.omstrategy.TheFawkes_OMS@643;0.6583333333333333;1.0;0.6583333333333333;1.0;0.6583333333333333;1.0;0.0;0.0;0.6583333333333333;1.0;party1_utility.xml;party2_utility.xml
4,403;164;;300rounds;Yes;No;2;0,785;0,92857;0;0;1,71357;BayesianAgent@644;boa-negotiator.boaframework.offeringstrategy.anac2010.Yushu_Offering-negotiator.boaframework.acceptanceconditions.anac2011.AC_NiceTitForTat-negotiator.boaframework.opponentmodel.AgentXFrequencyModel-negotiator.boaframework.omstrategy.TheFawkes_OMS@645;0.7849999999999999;0.9285654723948509;0.7849999999999999;0.9285654723948509;0.0;0.9285654723948509;0.0;0.0;0.7849999999999999;0.9285654723948509;party1_utility.xml;party2_utility.xml
2,572;296;;300rounds;Yes;No;2;0,84833;0,85649;0;0,09595;1,70482;boa-negotiator.boaframework.offeringstrategy.anac2010.Yushu_Offering-negotiator.boaframework.acceptanceconditions.anac2011.AC_NiceTitForTat-negotiator.boaframework.opponentmodel.AgentXFrequencyModel-negotiator.boaframework.omstrategy.TheFawkes_OMS@646;boa-negotiator.boaframework.offeringstrategy.anac2010.Yushu_Offering-negotiator.boaframework.acceptanceconditions.anac2011.AC_NiceTitForTat-negotiator.boaframework.opponentmodel.AgentXFrequencyModel-negotiator.boaframework.omstrategy.TheFawkes_OMS@647;0.8483333333333334;0.8564909885811369;0.8483333333333334;0.8564909885811369;0.8483333333333334;0.8564909885811369;0.0;0.0;0.8483333333333334;0.8564909885811369;party1_utility.xml;party2_utility.xml
