0,148;217;;300rounds;Yes;No;2;0,8;0,85478;0,0581;0,10695;1,65478;BoulwareNegotiationParty@648;BoulwareNegotiationParty@649;0.8000000000000002;0.8547812279688783;0.8000000000000002;0.8547812279688783;0.8000000000000002;0.8547812279688783;0.0;0.0;0.8000000000000002;0.8547812279688783;WindFarm_util1.xml;WindFarm_util2.xml
0,093;133;;300rounds;Yes;No;2;0,63333;0,97095;0,02905;0,13412;1,60428;ConcederNegotiationParty@650;BoulwareNegotiationParty@651;0.6333333333333334;0.9709515522101749;0.6333333333333334;0.9709515522101749;0.6333333333333334;0.9709515522101749;0.0;0.0;0.6333333333333334;0.9709515522101749;WindFarm_util1.xml;WindFarm_util2.xml
11,89;256;;300rounds;Yes;No;2;0,66542;0,96667;0;0,35309;1,63209;BayesianAgent@652;BoulwareNegotiationParty@653;0.9666666666666668;0.6654190305520379;0.9666666666666668;0.6654190305520379;0.0;0.6654190305520379;0.0;0.0;0.9666666666666668;0.6654190305520379;WindFarm_util1.xml;WindFarm_util2.xml
2,297;214;;300rounds;Yes;No;2;0,8;0,91288;0;0,05482;1,71288;boa-negotiator.boaframework.offeringstrategy.anac2010.Yushu_Offering-negotiator.boaframework.acceptanceconditions.anac2011.AC_NiceTitForTat-negotiator.boaframework.opponentmodel.AgentXFrequencyModel-negotiator.boaframework.omstrategy.TheFawkes_OMS@654;BoulwareNegotiationParty@655;0.8000000000000002;0.9128781235485285;0.8000000000000002;0.9128781235485285;0.8000000000000002;0.9128781235485285;0.0;0.0;0.8000000000000002;0.9128781235485285;WindFarm_util1.xml;WindFarm_util2.xml
0,045;60;;300rounds;Yes;No;2;0,5638;1;0,0581;0,45671;1,5638;BoulwareNegotiationParty@656;ConcederNegotiationParty@657;1.0;0.5637996999988143;1.0;0.5637996999988143;1.0;0.5637996999988143;0.0;0.0;1.0;0.5637996999988143;WindFarm_util1.xml;WindFarm_util2.xml
0,011;13;;300rounds;Yes;No;2;0,8;0,85478;0,0581;0,10695;1,65478;ConcederNegotiationParty@658;ConcederNegotiationParty@659;0.8000000000000002;0.8547812279688783;0.8000000000000002;0.8547812279688783;0.8000000000000002;0.8547812279688783;0.0;0.0;0.8000000000000002;0.8547812279688783;WindFarm_util1.xml;WindFarm_util2.xml
0,397;12;;300rounds;Yes;No;2;0,63333;1;0;0,14028;1,63333;BayesianAgent@660;ConcederNegotiationParty@661;0.6333333333333334;1.0;0.6333333333333334;1.0;0.0;1.0;0.0;0.0;0.6333333333333334;1.0;WindFarm_util1.xml;WindFarm_util2.xml
0,379;46;;300rounds;Yes;No;2;0,6219;1;0;0,40784;1,6219;boa-negotiator.boaframework.offeringstrategy.anac2010.Yushu_Offering-negotiator.boaframework.acceptanceconditions.anac2011.AC_NiceTitForTat-negotiator.boaframework.opponentmodel.AgentXFrequencyModel-negotiator.boaframework.omstrategy.TheFawkes_OMS@662;ConcederNegotiationParty@663;1.0;0.6218965955784647;1.0;0.6218965955784647;1.0;0.6218965955784647;0.0;0.0;1.0;0.6218965955784647;WindFarm_util1.xml;WindFarm_util2.xml
8,403;205;;300rounds;Yes;No;2;0,54915;1;0,07275;0,46936;1,54915;BoulwareNegotiationParty@664;BayesianAgent@665;1.0;0.5491512135859488;1.0;0.5491512135859488;1.0;0.0;0.0;0.0;1.0;0.5491512135859488;WindFarm_util1.xml;WindFarm_util2.xml
0,671;23;;300rounds;Yes;No;2;0,8;0,88383;0,02905;0,07986;1,68383;ConcederNegotiationParty@666;BayesianAgent@667;0.8000000000000002;0.8838296757587033;0.8000000000000002;0.8838296757587033;0.8000000000000002;0.0;0.0;0.0;0.8000000000000002;0.8838296757587033;WindFarm_util1.xml;WindFarm_util2.xml
31,353;301;;300rounds;No;No;1;0;0;1,0927;1,22576;0;BayesianAgent@668;BayesianAgent@669;0.0;0.0;0.0;0.0;0.0;0.0;0.0;0.0;0.0;0.0;WindFarm_util1.xml;WindFarm_util2.xml
14,207;255;;300rounds;Yes;No;2;0,8;0,91288;0;0,05482;1,71288;boa-negotiator.boaframework.offeringstrategy.anac2010.Yushu_Offering-negotiator.boaframework.acceptanceconditions.anac2011.AC_NiceTitForTat-negotiator.boaframework.opponentmodel.AgentXFrequencyModel-negotiator.boaframework.omstrategy.TheFawkes_OMS@670;BayesianAgent@671;0.8000000000000002;0.9128781235485285;0.8000000000000002;0.9128781235485285;0.8000000000000002;0.0;0.0;0.0;0.8000000000000002;0.9128781235485285;WindFarm_util1.xml;WindFarm_util2.xml
1,793;224;;300rounds;Yes;No;2;0,8;0,88383;0,02905;0,07986;1,68383;BoulwareNegotiationParty@672;boa-negotiator.boaframework.offeringstrategy.anac2010.Yushu_Offering-negotiator.boaframework.acceptanceconditions.anac2011.AC_NiceTitForTat-negotiator.boaframework.opponentmodel.AgentXFrequencyModel-negotiator.boaframework.omstrategy.TheFawkes_OMS@673;0.8000000000000002;0.8838296757587033;0.8000000000000002;0.8838296757587033;0.8000000000000002;0.8838296757587033;0.0;0.0;0.8000000000000002;0.8838296757587033;WindFarm_util1.xml;WindFarm_util2.xml
0,31;44;;300rounds;Yes;No;2;0,63333;1;0;0,14028;1,63333;ConcederNegotiationParty@674;boa-negotiator.boaframework.offeringstrategy.anac2010.Yushu_Offering-negotiator.boaframework.acceptanceconditions.anac2011.AC_NiceTitForTat-negotiator.boaframework.opponentmodel.AgentXFrequencyModel-negotiator.boaframework.omstrategy.TheFawkes_OMS@675;0.6333333333333334;1.0;0.6333333333333334;1.0;0.6333333333333334;1.0;0.0;0.0;0.6333333333333334;1.0;WindFarm_util1.xml;WindFarm_util2.xml
17,837;298;;300rounds;Yes;No;2;0,66542;0,96667;0;0,35309;1,63209;BayesianAgent@676;boa-negotiator.boaframework.offeringstrategy.anac2010.Yushu_Offering-negotiator.boaframework.acceptanceconditions.anac2011.AC_NiceTitForTat-negotiator.boaframework.opponentmodel.AgentXFrequencyModel-negotiator.boaframework.omstrategy.TheFawkes_OMS@677;0.9666666666666668;0.6654190305520379;0.9666666666666668;0.6654190305520379;0.0;0.6654190305520379;0.0;0.0;0.9666666666666668;0.6654190305520379;WindFarm_util1.xml;WindFarm_util2.xml
5,265;296;;300rounds;Yes;No;2;0,70902;0,83333;0;0,25621;1,54235;boa-negotiator.boaframework.offeringstrategy.anac2010.Yushu_Offering-negotiator.boaframework.acceptanceconditions.anac2011.AC_NiceTitForTat-negotiator.boaframework.opponentmodel.AgentXFrequencyModel-negotiator.boaframework.omstrategy.TheFawkes_OMS@678;boa-negotiator.boaframework.offeringstrategy.anac2010.Yushu_Offering-negotiator.boaframework.acceptanceconditions.anac2011.AC_NiceTitForTat-negotiator.boaframework.opponentmodel.AgentXFrequencyModel-negotiator.boaframework.omstrategy.TheFawkes_OMS@679;0.8333333333333335;0.7090184720299363;0.8333333333333335;0.7090184720299363;0.8333333333333335;0.7090184720299363;0.0;0.0;0.8333333333333335;0.7090184720299363;WindFarm_util1.xml;WindFarm_util2.xml
0,15;217;;300rounds;Yes;No;2;0,8;0,85478;0,0581;0,10695;1,65478;BoulwareNegotiationParty@680;BoulwareNegotiationParty@681;0.8000000000000002;0.8547812279688783;0.8000000000000002;0.8547812279688783;0.8000000000000002;0.8547812279688783;0.0;0.0;0.8000000000000002;0.8547812279688783;WindFarm_util1.xml;WindFarm_util2.xml
0,095;133;;300rounds;Yes;No;2;0,63333;0,97095;0,02905;0,13412;1,60428;ConcederNegotiationParty@682;BoulwareNegotiationParty@683;0.6333333333333334;0.9709515522101749;0.6333333333333334;0.9709515522101749;0.6333333333333334;0.9709515522101749;0.0;0.0;0.6333333333333334;0.9709515522101749;WindFarm_util1.xml;WindFarm_util2.xml
11,881;256;;300rounds;Yes;No;2;0,66542;0,96667;0;0,35309;1,63209;BayesianAgent@684;BoulwareNegotiationParty@685;0.9666666666666668;0.6654190305520379;0.9666666666666668;0.6654190305520379;0.0;0.6654190305520379;0.0;0.0;0.9666666666666668;0.6654190305520379;WindFarm_util1.xml;WindFarm_util2.xml
2,289;214;;300rounds;Yes;No;2;0,8;0,91288;0;0,05482;1,71288;boa-negotiator.boaframework.offeringstrategy.anac2010.Yushu_Offering-negotiator.boaframework.acceptanceconditions.anac2011.AC_NiceTitForTat-negotiator.boaframework.opponentmodel.AgentXFrequencyModel-negotiator.boaframework.omstrategy.TheFawkes_OMS@686;BoulwareNegotiationParty@687;0.8000000000000002;0.9128781235485285;0.8000000000000002;0.9128781235485285;0.8000000000000002;0.9128781235485285;0.0;0.0;0.8000000000000002;0.9128781235485285;WindFarm_util1.xml;WindFarm_util2.xml
0,042;60;;300rounds;Yes;No;2;0,5638;1;0,0581;0,45671;1,5638;BoulwareNegotiationParty@688;ConcederNegotiationParty@689;1.0;0.5637996999988143;1.0;0.5637996999988143;1.0;0.5637996999988143;0.0;0.0;1.0;0.5637996999988143;WindFarm_util1.xml;WindFarm_util2.xml
0,01;13;;300rounds;Yes;No;2;0,8;0,85478;0,0581;0,10695;1,65478;ConcederNegotiationParty@690;ConcederNegotiationParty@691;0.8000000000000002;0.8547812279688783;0.8000000000000002;0.8547812279688783;0.8000000000000002;0.8547812279688783;0.0;0.0;0.8000000000000002;0.8547812279688783;WindFarm_util1.xml;WindFarm_util2.xml
0,398;12;;300rounds;Yes;No;2;0,63333;1;0;0,14028;1,63333;BayesianAgent@692;ConcederNegotiationParty@693;0.6333333333333334;1.0;0.6333333333333334;1.0;0.0;1.0;0.0;0.0;0.6333333333333334;1.0;WindFarm_util1.xml;WindFarm_util2.xml
0,376;46;;300rounds;Yes;No;2;0,6219;1;0;0,40784;1,6219;boa-negotiator.boaframework.offeringstrategy.anac2010.Yushu_Offering-negotiator.boaframework.acceptanceconditions.anac2011.AC_NiceTitForTat-negotiator.boaframework.opponentmodel.AgentXFrequencyModel-negotiator.boaframework.omstrategy.TheFawkes_OMS@694;ConcederNegotiationParty@695;1.0;0.6218965955784647;1.0;0.6218965955784647;1.0;0.6218965955784647;0.0;0.0;1.0;0.6218965955784647;WindFarm_util1.xml;WindFarm_util2.xml
8,397;205;;300rounds;Yes;No;2;0,54915;1;0,07275;0,46936;1,54915;BoulwareNegotiationParty@696;BayesianAgent@697;1.0;0.5491512135859488;1.0;0.5491512135859488;1.0;0.0;0.0;0.0;1.0;0.5491512135859488;WindFarm_util1.xml;WindFarm_util2.xml
0,677;23;;300rounds;Yes;No;2;0,8;0,88383;0,02905;0,07986;1,68383;ConcederNegotiationParty@698;BayesianAgent@699;0.8000000000000002;0.8838296757587033;0.8000000000000002;0.8838296757587033;0.8000000000000002;0.0;0.0;0.0;0.8000000000000002;0.8838296757587033;WindFarm_util1.xml;WindFarm_util2.xml
31,759;301;;300rounds;No;No;1;0;0;1,0927;1,22576;0;BayesianAgent@700;BayesianAgent@701;0.0;0.0;0.0;0.0;0.0;0.0;0.0;0.0;0.0;0.0;WindFarm_util1.xml;WindFarm_util2.xml
14,453;255;;300rounds;Yes;No;2;0,8;0,91288;0;0,05482;1,71288;boa-negotiator.boaframework.offeringstrategy.anac2010.Yushu_Offering-negotiator.boaframework.acceptanceconditions.anac2011.AC_NiceTitForTat-negotiator.boaframework.opponentmodel.AgentXFrequencyModel-negotiator.boaframework.omstrategy.TheFawkes_OMS@702;BayesianAgent@703;0.8000000000000002;0.9128781235485285;0.8000000000000002;0.9128781235485285;0.8000000000000002;0.0;0.0;0.0;0.8000000000000002;0.9128781235485285;WindFarm_util1.xml;WindFarm_util2.xml
1,815;224;;300rounds;Yes;No;2;0,8;0,88383;0,02905;0,07986;1,68383;BoulwareNegotiationParty@704;boa-negotiator.boaframework.offeringstrategy.anac2010.Yushu_Offering-negotiator.boaframework.acceptanceconditions.anac2011.AC_NiceTitForTat-negotiator.boaframework.opponentmodel.AgentXFrequencyModel-negotiator.boaframework.omstrategy.TheFawkes_OMS@705;0.8000000000000002;0.8838296757587033;0.8000000000000002;0.8838296757587033;0.8000000000000002;0.8838296757587033;0.0;0.0;0.8000000000000002;0.8838296757587033;WindFarm_util1.xml;WindFarm_util2.xml
0,317;44;;300rounds;Yes;No;2;0,63333;1;0;0,14028;1,63333;ConcederNegotiationParty@706;boa-negotiator.boaframework.offeringstrategy.anac2010.Yushu_Offering-negotiator.boaframework.acceptanceconditions.anac2011.AC_NiceTitForTat-negotiator.boaframework.opponentmodel.AgentXFrequencyModel-negotiator.boaframework.omstrategy.TheFawkes_OMS@707;0.6333333333333334;1.0;0.6333333333333334;1.0;0.6333333333333334;1.0;0.0;0.0;0.6333333333333334;1.0;WindFarm_util1.xml;WindFarm_util2.xml
18,378;298;;300rounds;Yes;No;2;0,66542;0,96667;0;0,35309;1,63209;BayesianAgent@708;boa-negotiator.boaframework.offeringstrategy.anac2010.Yushu_Offering-negotiator.boaframework.acceptanceconditions.anac2011.AC_NiceTitForTat-negotiator.boaframework.opponentmodel.AgentXFrequencyModel-negotiator.boaframework.omstrategy.TheFawkes_OMS@709;0.9666666666666668;0.6654190305520379;0.9666666666666668;0.6654190305520379;0.0;0.6654190305520379;0.0;0.0;0.9666666666666668;0.6654190305520379;WindFarm_util1.xml;WindFarm_util2.xml
5,176;296;;300rounds;Yes;No;2;0,70902;0,83333;0;0,25621;1,54235;boa-negotiator.boaframework.offeringstrategy.anac2010.Yushu_Offering-negotiator.boaframework.acceptanceconditions.anac2011.AC_NiceTitForTat-negotiator.boaframework.opponentmodel.AgentXFrequencyModel-negotiator.boaframework.omstrategy.TheFawkes_OMS@710;boa-negotiator.boaframework.offeringstrategy.anac2010.Yushu_Offering-negotiator.boaframework.acceptanceconditions.anac2011.AC_NiceTitForTat-negotiator.boaframework.opponentmodel.AgentXFrequencyModel-negotiator.boaframework.omstrategy.TheFawkes_OMS@711;0.8333333333333335;0.7090184720299363;0.8333333333333335;0.7090184720299363;0.8333333333333335;0.7090184720299363;0.0;0.0;0.8333333333333335;0.7090184720299363;WindFarm_util1.xml;WindFarm_util2.xml
0,167;217;;300rounds;Yes;No;2;0,8;0,85478;0,0581;0,10695;1,65478;BoulwareNegotiationParty@712;BoulwareNegotiationParty@713;0.8000000000000002;0.8547812279688783;0.8000000000000002;0.8547812279688783;0.8000000000000002;0.8547812279688783;0.0;0.0;0.8000000000000002;0.8547812279688783;WindFarm_util1.xml;WindFarm_util2.xml
0,097;133;;300rounds;Yes;No;2;0,63333;0,97095;0,02905;0,13412;1,60428;ConcederNegotiationParty@714;BoulwareNegotiationParty@715;0.6333333333333334;0.9709515522101749;0.6333333333333334;0.9709515522101749;0.6333333333333334;0.9709515522101749;0.0;0.0;0.6333333333333334;0.9709515522101749;WindFarm_util1.xml;WindFarm_util2.xml
11,947;256;;300rounds;Yes;No;2;0,66542;0,96667;0;0,35309;1,63209;BayesianAgent@716;BoulwareNegotiationParty@717;0.9666666666666668;0.6654190305520379;0.9666666666666668;0.6654190305520379;0.0;0.6654190305520379;0.0;0.0;0.9666666666666668;0.6654190305520379;WindFarm_util1.xml;WindFarm_util2.xml
2,293;214;;300rounds;Yes;No;2;0,8;0,91288;0;0,05482;1,71288;boa-negotiator.boaframework.offeringstrategy.anac2010.Yushu_Offering-negotiator.boaframework.acceptanceconditions.anac2011.AC_NiceTitForTat-negotiator.boaframework.opponentmodel.AgentXFrequencyModel-negotiator.boaframework.omstrategy.TheFawkes_OMS@718;BoulwareNegotiationParty@719;0.8000000000000002;0.9128781235485285;0.8000000000000002;0.9128781235485285;0.8000000000000002;0.9128781235485285;0.0;0.0;0.8000000000000002;0.9128781235485285;WindFarm_util1.xml;WindFarm_util2.xml
0,057;60;;300rounds;Yes;No;2;0,5638;1;0,0581;0,45671;1,5638;BoulwareNegotiationParty@720;ConcederNegotiationParty@721;1.0;0.5637996999988143;1.0;0.5637996999988143;1.0;0.5637996999988143;0.0;0.0;1.0;0.5637996999988143;WindFarm_util1.xml;WindFarm_util2.xml
0,009;13;;300rounds;Yes;No;2;0,8;0,85478;0,0581;0,10695;1,65478;ConcederNegotiationParty@722;ConcederNegotiationParty@723;0.8000000000000002;0.8547812279688783;0.8000000000000002;0.8547812279688783;0.8000000000000002;0.8547812279688783;0.0;0.0;0.8000000000000002;0.8547812279688783;WindFarm_util1.xml;WindFarm_util2.xml
0,421;12;;300rounds;Yes;No;2;0,63333;1;0;0,14028;1,63333;BayesianAgent@724;ConcederNegotiationParty@725;0.6333333333333334;1.0;0.6333333333333334;1.0;0.0;1.0;0.0;0.0;0.6333333333333334;1.0;WindFarm_util1.xml;WindFarm_util2.xml
0,373;46;;300rounds;Yes;No;2;0,6219;1;0;0,40784;1,6219;boa-negotiator.boaframework.offeringstrategy.anac2010.Yushu_Offering-negotiator.boaframework.acceptanceconditions.anac2011.AC_NiceTitForTat-negotiator.boaframework.opponentmodel.AgentXFrequencyModel-negotiator.boaframework.omstrategy.TheFawkes_OMS@726;ConcederNegotiationParty@727;1.0;0.6218965955784647;1.0;0.6218965955784647;1.0;0.6218965955784647;0.0;0.0;1.0;0.6218965955784647;WindFarm_util1.xml;WindFarm_util2.xml
8,445;205;;300rounds;Yes;No;2;0,54915;1;0,07275;0,46936;1,54915;BoulwareNegotiationParty@728;BayesianAgent@729;1.0;0.5491512135859488;1.0;0.5491512135859488;1.0;0.0;0.0;0.0;1.0;0.5491512135859488;WindFarm_util1.xml;WindFarm_util2.xml
0,67;23;;300rounds;Yes;No;2;0,8;0,88383;0,02905;0,07986;1,68383;ConcederNegotiationParty@730;BayesianAgent@731;0.8000000000000002;0.8838296757587033;0.8000000000000002;0.8838296757587033;0.8000000000000002;0.0;0.0;0.0;0.8000000000000002;0.8838296757587033;WindFarm_util1.xml;WindFarm_util2.xml
30,996;301;;300rounds;No;No;1;0;0;1,0927;1,22576;0;BayesianAgent@732;BayesianAgent@733;0.0;0.0;0.0;0.0;0.0;0.0;0.0;0.0;0.0;0.0;WindFarm_util1.xml;WindFarm_util2.xml
14,316;255;;300rounds;Yes;No;2;0,8;0,91288;0;0,05482;1,71288;boa-negotiator.boaframework.offeringstrategy.anac2010.Yushu_Offering-negotiator.boaframework.acceptanceconditions.anac2011.AC_NiceTitForTat-negotiator.boaframework.opponentmodel.AgentXFrequencyModel-negotiator.boaframework.omstrategy.TheFawkes_OMS@734;BayesianAgent@735;0.8000000000000002;0.9128781235485285;0.8000000000000002;0.9128781235485285;0.8000000000000002;0.0;0.0;0.0;0.8000000000000002;0.9128781235485285;WindFarm_util1.xml;WindFarm_util2.xml
1,822;224;;300rounds;Yes;No;2;0,8;0,88383;0,02905;0,07986;1,68383;BoulwareNegotiationParty@736;boa-negotiator.boaframework.offeringstrategy.anac2010.Yushu_Offering-negotiator.boaframework.acceptanceconditions.anac2011.AC_NiceTitForTat-negotiator.boaframework.opponentmodel.AgentXFrequencyModel-negotiator.boaframework.omstrategy.TheFawkes_OMS@737;0.8000000000000002;0.8838296757587033;0.8000000000000002;0.8838296757587033;0.8000000000000002;0.8838296757587033;0.0;0.0;0.8000000000000002;0.8838296757587033;WindFarm_util1.xml;WindFarm_util2.xml
0,309;44;;300rounds;Yes;No;2;0,63333;1;0;0,14028;1,63333;ConcederNegotiationParty@738;boa-negotiator.boaframework.offeringstrategy.anac2010.Yushu_Offering-negotiator.boaframework.acceptanceconditions.anac2011.AC_NiceTitForTat-negotiator.boaframework.opponentmodel.AgentXFrequencyModel-negotiator.boaframework.omstrategy.TheFawkes_OMS@739;0.6333333333333334;1.0;0.6333333333333334;1.0;0.6333333333333334;1.0;0.0;0.0;0.6333333333333334;1.0;WindFarm_util1.xml;WindFarm_util2.xml
17,288;298;;300rounds;Yes;No;2;0,66542;0,96667;0;0,35309;1,63209;BayesianAgent@740;boa-negotiator.boaframework.offeringstrategy.anac2010.Yushu_Offering-negotiator.boaframework.acceptanceconditions.anac2011.AC_NiceTitForTat-negotiator.boaframework.opponentmodel.AgentXFrequencyModel-negotiator.boaframework.omstrategy.TheFawkes_OMS@741;0.9666666666666668;0.6654190305520379;0.9666666666666668;0.6654190305520379;0.0;0.6654190305520379;0.0;0.0;0.9666666666666668;0.6654190305520379;WindFarm_util1.xml;WindFarm_util2.xml
5,152;296;;300rounds;Yes;No;2;0,70902;0,83333;0;0,25621;1,54235;boa-negotiator.boaframework.offeringstrategy.anac2010.Yushu_Offering-negotiator.boaframework.acceptanceconditions.anac2011.AC_NiceTitForTat-negotiator.boaframework.opponentmodel.AgentXFrequencyModel-negotiator.boaframework.omstrategy.TheFawkes_OMS@742;boa-negotiator.boaframework.offeringstrategy.anac2010.Yushu_Offering-negotiator.boaframework.acceptanceconditions.anac2011.AC_NiceTitForTat-negotiator.boaframework.opponentmodel.AgentXFrequencyModel-negotiator.boaframework.omstrategy.TheFawkes_OMS@743;0.8333333333333335;0.7090184720299363;0.8333333333333335;0.7090184720299363;0.8333333333333335;0.7090184720299363;0.0;0.0;0.8333333333333335;0.7090184720299363;WindFarm_util1.xml;WindFarm_util2.xml
0,157;217;;300rounds;Yes;No;2;0,8;0,85478;0,0581;0,10695;1,65478;BoulwareNegotiationParty@744;BoulwareNegotiationParty@745;0.8000000000000002;0.8547812279688783;0.8000000000000002;0.8547812279688783;0.8000000000000002;0.8547812279688783;0.0;0.0;0.8000000000000002;0.8547812279688783;WindFarm_util1.xml;WindFarm_util2.xml
0,1;133;;300rounds;Yes;No;2;0,63333;0,97095;0,02905;0,13412;1,60428;ConcederNegotiationParty@746;BoulwareNegotiationParty@747;0.6333333333333334;0.9709515522101749;0.6333333333333334;0.9709515522101749;0.6333333333333334;0.9709515522101749;0.0;0.0;0.6333333333333334;0.9709515522101749;WindFarm_util1.xml;WindFarm_util2.xml
11,775;256;;300rounds;Yes;No;2;0,66542;0,96667;0;0,35309;1,63209;BayesianAgent@748;BoulwareNegotiationParty@749;0.9666666666666668;0.6654190305520379;0.9666666666666668;0.6654190305520379;0.0;0.6654190305520379;0.0;0.0;0.9666666666666668;0.6654190305520379;WindFarm_util1.xml;WindFarm_util2.xml
2,293;214;;300rounds;Yes;No;2;0,8;0,91288;0;0,05482;1,71288;boa-negotiator.boaframework.offeringstrategy.anac2010.Yushu_Offering-negotiator.boaframework.acceptanceconditions.anac2011.AC_NiceTitForTat-negotiator.boaframework.opponentmodel.AgentXFrequencyModel-negotiator.boaframework.omstrategy.TheFawkes_OMS@750;BoulwareNegotiationParty@751;0.8000000000000002;0.9128781235485285;0.8000000000000002;0.9128781235485285;0.8000000000000002;0.9128781235485285;0.0;0.0;0.8000000000000002;0.9128781235485285;WindFarm_util1.xml;WindFarm_util2.xml
0,046;60;;300rounds;Yes;No;2;0,5638;1;0,0581;0,45671;1,5638;BoulwareNegotiationParty@752;ConcederNegotiationParty@753;1.0;0.5637996999988143;1.0;0.5637996999988143;1.0;0.5637996999988143;0.0;0.0;1.0;0.5637996999988143;WindFarm_util1.xml;WindFarm_util2.xml
0,009;13;;300rounds;Yes;No;2;0,8;0,85478;0,0581;0,10695;1,65478;ConcederNegotiationParty@754;ConcederNegotiationParty@755;0.8000000000000002;0.8547812279688783;0.8000000000000002;0.8547812279688783;0.8000000000000002;0.8547812279688783;0.0;0.0;0.8000000000000002;0.8547812279688783;WindFarm_util1.xml;WindFarm_util2.xml
0,391;12;;300rounds;Yes;No;2;0,63333;1;0;0,14028;1,63333;BayesianAgent@756;ConcederNegotiationParty@757;0.6333333333333334;1.0;0.6333333333333334;1.0;0.0;1.0;0.0;0.0;0.6333333333333334;1.0;WindFarm_util1.xml;WindFarm_util2.xml
0,379;46;;300rounds;Yes;No;2;0,6219;1;0;0,40784;1,6219;boa-negotiator.boaframework.offeringstrategy.anac2010.Yushu_Offering-negotiator.boaframework.acceptanceconditions.anac2011.AC_NiceTitForTat-negotiator.boaframework.opponentmodel.AgentXFrequencyModel-negotiator.boaframework.omstrategy.TheFawkes_OMS@758;ConcederNegotiationParty@759;1.0;0.6218965955784647;1.0;0.6218965955784647;1.0;0.6218965955784647;0.0;0.0;1.0;0.6218965955784647;WindFarm_util1.xml;WindFarm_util2.xml
8,341;205;;300rounds;Yes;No;2;0,54915;1;0,07275;0,46936;1,54915;BoulwareNegotiationParty@760;BayesianAgent@761;1.0;0.5491512135859488;1.0;0.5491512135859488;1.0;0.0;0.0;0.0;1.0;0.5491512135859488;WindFarm_util1.xml;WindFarm_util2.xml
0,667;23;;300rounds;Yes;No;2;0,8;0,88383;0,02905;0,07986;1,68383;ConcederNegotiationParty@762;BayesianAgent@763;0.8000000000000002;0.8838296757587033;0.8000000000000002;0.8838296757587033;0.8000000000000002;0.0;0.0;0.0;0.8000000000000002;0.8838296757587033;WindFarm_util1.xml;WindFarm_util2.xml
31,265;301;;300rounds;No;No;1;0;0;1,0927;1,22576;0;BayesianAgent@764;BayesianAgent@765;0.0;0.0;0.0;0.0;0.0;0.0;0.0;0.0;0.0;0.0;WindFarm_util1.xml;WindFarm_util2.xml
13,933;255;;300rounds;Yes;No;2;0,8;0,91288;0;0,05482;1,71288;boa-negotiator.boaframework.offeringstrategy.anac2010.Yushu_Offering-negotiator.boaframework.acceptanceconditions.anac2011.AC_NiceTitForTat-negotiator.boaframework.opponentmodel.AgentXFrequencyModel-negotiator.boaframework.omstrategy.TheFawkes_OMS@766;BayesianAgent@767;0.8000000000000002;0.9128781235485285;0.8000000000000002;0.9128781235485285;0.8000000000000002;0.0;0.0;0.0;0.8000000000000002;0.9128781235485285;WindFarm_util1.xml;WindFarm_util2.xml
1,805;224;;300rounds;Yes;No;2;0,8;0,88383;0,02905;0,07986;1,68383;BoulwareNegotiationParty@768;boa-negotiator.boaframework.offeringstrategy.anac2010.Yushu_Offering-negotiator.boaframework.acceptanceconditions.anac2011.AC_NiceTitForTat-negotiator.boaframework.opponentmodel.AgentXFrequencyModel-negotiator.boaframework.omstrategy.TheFawkes_OMS@769;0.8000000000000002;0.8838296757587033;0.8000000000000002;0.8838296757587033;0.8000000000000002;0.8838296757587033;0.0;0.0;0.8000000000000002;0.8838296757587033;WindFarm_util1.xml;WindFarm_util2.xml
0,31;44;;300rounds;Yes;No;2;0,63333;1;0;0,14028;1,63333;ConcederNegotiationParty@770;boa-negotiator.boaframework.offeringstrategy.anac2010.Yushu_Offering-negotiator.boaframework.acceptanceconditions.anac2011.AC_NiceTitForTat-negotiator.boaframework.opponentmodel.AgentXFrequencyModel-negotiator.boaframework.omstrategy.TheFawkes_OMS@771;0.6333333333333334;1.0;0.6333333333333334;1.0;0.6333333333333334;1.0;0.0;0.0;0.6333333333333334;1.0;WindFarm_util1.xml;WindFarm_util2.xml
17,303;298;;300rounds;Yes;No;2;0,66542;0,96667;0;0,35309;1,63209;BayesianAgent@772;boa-negotiator.boaframework.offeringstrategy.anac2010.Yushu_Offering-negotiator.boaframework.acceptanceconditions.anac2011.AC_NiceTitForTat-negotiator.boaframework.opponentmodel.AgentXFrequencyModel-negotiator.boaframework.omstrategy.TheFawkes_OMS@773;0.9666666666666668;0.6654190305520379;0.9666666666666668;0.6654190305520379;0.0;0.6654190305520379;0.0;0.0;0.9666666666666668;0.6654190305520379;WindFarm_util1.xml;WindFarm_util2.xml
5,171;296;;300rounds;Yes;No;2;0,70902;0,83333;0;0,25621;1,54235;boa-negotiator.boaframework.offeringstrategy.anac2010.Yushu_Offering-negotiator.boaframework.acceptanceconditions.anac2011.AC_NiceTitForTat-negotiator.boaframework.opponentmodel.AgentXFrequencyModel-negotiator.boaframework.omstrategy.TheFawkes_OMS@774;boa-negotiator.boaframework.offeringstrategy.anac2010.Yushu_Offering-negotiator.boaframework.acceptanceconditions.anac2011.AC_NiceTitForTat-negotiator.boaframework.opponentmodel.AgentXFrequencyModel-negotiator.boaframework.omstrategy.TheFawkes_OMS@775;0.8333333333333335;0.7090184720299363;0.8333333333333335;0.7090184720299363;0.8333333333333335;0.7090184720299363;0.0;0.0;0.8333333333333335;0.7090184720299363;WindFarm_util1.xml;WindFarm_util2.xml
0,157;217;;300rounds;Yes;No;2;0,8;0,85478;0,0581;0,10695;1,65478;BoulwareNegotiationParty@776;BoulwareNegotiationParty@777;0.8000000000000002;0.8547812279688783;0.8000000000000002;0.8547812279688783;0.8000000000000002;0.8547812279688783;0.0;0.0;0.8000000000000002;0.8547812279688783;WindFarm_util1.xml;WindFarm_util2.xml
0,1;133;;300rounds;Yes;No;2;0,63333;0,97095;0,02905;0,13412;1,60428;ConcederNegotiationParty@778;BoulwareNegotiationParty@779;0.6333333333333334;0.9709515522101749;0.6333333333333334;0.9709515522101749;0.6333333333333334;0.9709515522101749;0.0;0.0;0.6333333333333334;0.9709515522101749;WindFarm_util1.xml;WindFarm_util2.xml
11,915;256;;300rounds;Yes;No;2;0,66542;0,96667;0;0,35309;1,63209;BayesianAgent@780;BoulwareNegotiationParty@781;0.9666666666666668;0.6654190305520379;0.9666666666666668;0.6654190305520379;0.0;0.6654190305520379;0.0;0.0;0.9666666666666668;0.6654190305520379;WindFarm_util1.xml;WindFarm_util2.xml
2,297;214;;300rounds;Yes;No;2;0,8;0,91288;0;0,05482;1,71288;boa-negotiator.boaframework.offeringstrategy.anac2010.Yushu_Offering-negotiator.boaframework.acceptanceconditions.anac2011.AC_NiceTitForTat-negotiator.boaframework.opponentmodel.AgentXFrequencyModel-negotiator.boaframework.omstrategy.TheFawkes_OMS@782;BoulwareNegotiationParty@783;0.8000000000000002;0.9128781235485285;0.8000000000000002;0.9128781235485285;0.8000000000000002;0.9128781235485285;0.0;0.0;0.8000000000000002;0.9128781235485285;WindFarm_util1.xml;WindFarm_util2.xml
0,045;60;;300rounds;Yes;No;2;0,5638;1;0,0581;0,45671;1,5638;BoulwareNegotiationParty@784;ConcederNegotiationParty@785;1.0;0.5637996999988143;1.0;0.5637996999988143;1.0;0.5637996999988143;0.0;0.0;1.0;0.5637996999988143;WindFarm_util1.xml;WindFarm_util2.xml
0,009;13;;300rounds;Yes;No;2;0,8;0,85478;0,0581;0,10695;1,65478;ConcederNegotiationParty@786;ConcederNegotiationParty@787;0.8000000000000002;0.8547812279688783;0.8000000000000002;0.8547812279688783;0.8000000000000002;0.8547812279688783;0.0;0.0;0.8000000000000002;0.8547812279688783;WindFarm_util1.xml;WindFarm_util2.xml
0,393;12;;300rounds;Yes;No;2;0,63333;1;0;0,14028;1,63333;BayesianAgent@788;ConcederNegotiationParty@789;0.6333333333333334;1.0;0.6333333333333334;1.0;0.0;1.0;0.0;0.0;0.6333333333333334;1.0;WindFarm_util1.xml;WindFarm_util2.xml
0,374;46;;300rounds;Yes;No;2;0,6219;1;0;0,40784;1,6219;boa-negotiator.boaframework.offeringstrategy.anac2010.Yushu_Offering-negotiator.boaframework.acceptanceconditions.anac2011.AC_NiceTitForTat-negotiator.boaframework.opponentmodel.AgentXFrequencyModel-negotiator.boaframework.omstrategy.TheFawkes_OMS@790;ConcederNegotiationParty@791;1.0;0.6218965955784647;1.0;0.6218965955784647;1.0;0.6218965955784647;0.0;0.0;1.0;0.6218965955784647;WindFarm_util1.xml;WindFarm_util2.xml
8,354;205;;300rounds;Yes;No;2;0,54915;1;0,07275;0,46936;1,54915;BoulwareNegotiationParty@792;BayesianAgent@793;1.0;0.5491512135859488;1.0;0.5491512135859488;1.0;0.0;0.0;0.0;1.0;0.5491512135859488;WindFarm_util1.xml;WindFarm_util2.xml
0,672;23;;300rounds;Yes;No;2;0,8;0,88383;0,02905;0,07986;1,68383;ConcederNegotiationParty@794;BayesianAgent@795;0.8000000000000002;0.8838296757587033;0.8000000000000002;0.8838296757587033;0.8000000000000002;0.0;0.0;0.0;0.8000000000000002;0.8838296757587033;WindFarm_util1.xml;WindFarm_util2.xml
31,584;301;;300rounds;No;No;1;0;0;1,0927;1,22576;0;BayesianAgent@796;BayesianAgent@797;0.0;0.0;0.0;0.0;0.0;0.0;0.0;0.0;0.0;0.0;WindFarm_util1.xml;WindFarm_util2.xml
14,288;255;;300rounds;Yes;No;2;0,8;0,91288;0;0,05482;1,71288;boa-negotiator.boaframework.offeringstrategy.anac2010.Yushu_Offering-negotiator.boaframework.acceptanceconditions.anac2011.AC_NiceTitForTat-negotiator.boaframework.opponentmodel.AgentXFrequencyModel-negotiator.boaframework.omstrategy.TheFawkes_OMS@798;BayesianAgent@799;0.8000000000000002;0.9128781235485285;0.8000000000000002;0.9128781235485285;0.8000000000000002;0.0;0.0;0.0;0.8000000000000002;0.9128781235485285;WindFarm_util1.xml;WindFarm_util2.xml
1,806;224;;300rounds;Yes;No;2;0,8;0,88383;0,02905;0,07986;1,68383;BoulwareNegotiationParty@800;boa-negotiator.boaframework.offeringstrategy.anac2010.Yushu_Offering-negotiator.boaframework.acceptanceconditions.anac2011.AC_NiceTitForTat-negotiator.boaframework.opponentmodel.AgentXFrequencyModel-negotiator.boaframework.omstrategy.TheFawkes_OMS@801;0.8000000000000002;0.8838296757587033;0.8000000000000002;0.8838296757587033;0.8000000000000002;0.8838296757587033;0.0;0.0;0.8000000000000002;0.8838296757587033;WindFarm_util1.xml;WindFarm_util2.xml
0,312;44;;300rounds;Yes;No;2;0,63333;1;0;0,14028;1,63333;ConcederNegotiationParty@802;boa-negotiator.boaframework.offeringstrategy.anac2010.Yushu_Offering-negotiator.boaframework.acceptanceconditions.anac2011.AC_NiceTitForTat-negotiator.boaframework.opponentmodel.AgentXFrequencyModel-negotiator.boaframework.omstrategy.TheFawkes_OMS@803;0.6333333333333334;1.0;0.6333333333333334;1.0;0.6333333333333334;1.0;0.0;0.0;0.6333333333333334;1.0;WindFarm_util1.xml;WindFarm_util2.xml
17,401;298;;300rounds;Yes;No;2;0,66542;0,96667;0;0,35309;1,63209;BayesianAgent@804;boa-negotiator.boaframework.offeringstrategy.anac2010.Yushu_Offering-negotiator.boaframework.acceptanceconditions.anac2011.AC_NiceTitForTat-negotiator.boaframework.opponentmodel.AgentXFrequencyModel-negotiator.boaframework.omstrategy.TheFawkes_OMS@805;0.9666666666666668;0.6654190305520379;0.9666666666666668;0.6654190305520379;0.0;0.6654190305520379;0.0;0.0;0.9666666666666668;0.6654190305520379;WindFarm_util1.xml;WindFarm_util2.xml
5,156;296;;300rounds;Yes;No;2;0,70902;0,83333;0;0,25621;1,54235;boa-negotiator.boaframework.offeringstrategy.anac2010.Yushu_Offering-negotiator.boaframework.acceptanceconditions.anac2011.AC_NiceTitForTat-negotiator.boaframework.opponentmodel.AgentXFrequencyModel-negotiator.boaframework.omstrategy.TheFawkes_OMS@806;boa-negotiator.boaframework.offeringstrategy.anac2010.Yushu_Offering-negotiator.boaframework.acceptanceconditions.anac2011.AC_NiceTitForTat-negotiator.boaframework.opponentmodel.AgentXFrequencyModel-negotiator.boaframework.omstrategy.TheFawkes_OMS@807;0.8333333333333335;0.7090184720299363;0.8333333333333335;0.7090184720299363;0.8333333333333335;0.7090184720299363;0.0;0.0;0.8333333333333335;0.7090184720299363;WindFarm_util1.xml;WindFarm_util2.xml
0,159;217;;300rounds;Yes;No;2;0,8;0,85478;0,0581;0,10695;1,65478;BoulwareNegotiationParty@808;BoulwareNegotiationParty@809;0.8000000000000002;0.8547812279688783;0.8000000000000002;0.8547812279688783;0.8000000000000002;0.8547812279688783;0.0;0.0;0.8000000000000002;0.8547812279688783;WindFarm_util1.xml;WindFarm_util2.xml
0,096;133;;300rounds;Yes;No;2;0,63333;0,97095;0,02905;0,13412;1,60428;ConcederNegotiationParty@810;BoulwareNegotiationParty@811;0.6333333333333334;0.9709515522101749;0.6333333333333334;0.9709515522101749;0.6333333333333334;0.9709515522101749;0.0;0.0;0.6333333333333334;0.9709515522101749;WindFarm_util1.xml;WindFarm_util2.xml
11,978;256;;300rounds;Yes;No;2;0,66542;0,96667;0;0,35309;1,63209;BayesianAgent@812;BoulwareNegotiationParty@813;0.9666666666666668;0.6654190305520379;0.9666666666666668;0.6654190305520379;0.0;0.6654190305520379;0.0;0.0;0.9666666666666668;0.6654190305520379;WindFarm_util1.xml;WindFarm_util2.xml
2,291;214;;300rounds;Yes;No;2;0,8;0,91288;0;0,05482;1,71288;boa-negotiator.boaframework.offeringstrategy.anac2010.Yushu_Offering-negotiator.boaframework.acceptanceconditions.anac2011.AC_NiceTitForTat-negotiator.boaframework.opponentmodel.AgentXFrequencyModel-negotiator.boaframework.omstrategy.TheFawkes_OMS@814;BoulwareNegotiationParty@815;0.8000000000000002;0.9128781235485285;0.8000000000000002;0.9128781235485285;0.8000000000000002;0.9128781235485285;0.0;0.0;0.8000000000000002;0.9128781235485285;WindFarm_util1.xml;WindFarm_util2.xml
0,045;60;;300rounds;Yes;No;2;0,5638;1;0,0581;0,45671;1,5638;BoulwareNegotiationParty@816;ConcederNegotiationParty@817;1.0;0.5637996999988143;1.0;0.5637996999988143;1.0;0.5637996999988143;0.0;0.0;1.0;0.5637996999988143;WindFarm_util1.xml;WindFarm_util2.xml
0,009;13;;300rounds;Yes;No;2;0,8;0,85478;0,0581;0,10695;1,65478;ConcederNegotiationParty@818;ConcederNegotiationParty@819;0.8000000000000002;0.8547812279688783;0.8000000000000002;0.8547812279688783;0.8000000000000002;0.8547812279688783;0.0;0.0;0.8000000000000002;0.8547812279688783;WindFarm_util1.xml;WindFarm_util2.xml
0,389;12;;300rounds;Yes;No;2;0,63333;1;0;0,14028;1,63333;BayesianAgent@820;ConcederNegotiationParty@821;0.6333333333333334;1.0;0.6333333333333334;1.0;0.0;1.0;0.0;0.0;0.6333333333333334;1.0;WindFarm_util1.xml;WindFarm_util2.xml
0,374;46;;300rounds;Yes;No;2;0,6219;1;0;0,40784;1,6219;boa-negotiator.boaframework.offeringstrategy.anac2010.Yushu_Offering-negotiator.boaframework.acceptanceconditions.anac2011.AC_NiceTitForTat-negotiator.boaframework.opponentmodel.AgentXFrequencyModel-negotiator.boaframework.omstrategy.TheFawkes_OMS@822;ConcederNegotiationParty@823;1.0;0.6218965955784647;1.0;0.6218965955784647;1.0;0.6218965955784647;0.0;0.0;1.0;0.6218965955784647;WindFarm_util1.xml;WindFarm_util2.xml
8,333;205;;300rounds;Yes;No;2;0,54915;1;0,07275;0,46936;1,54915;BoulwareNegotiationParty@824;BayesianAgent@825;1.0;0.5491512135859488;1.0;0.5491512135859488;1.0;0.0;0.0;0.0;1.0;0.5491512135859488;WindFarm_util1.xml;WindFarm_util2.xml
0,674;23;;300rounds;Yes;No;2;0,8;0,88383;0,02905;0,07986;1,68383;ConcederNegotiationParty@826;BayesianAgent@827;0.8000000000000002;0.8838296757587033;0.8000000000000002;0.8838296757587033;0.8000000000000002;0.0;0.0;0.0;0.8000000000000002;0.8838296757587033;WindFarm_util1.xml;WindFarm_util2.xml
31,145;301;;300rounds;No;No;1;0;0;1,0927;1,22576;0;BayesianAgent@828;BayesianAgent@829;0.0;0.0;0.0;0.0;0.0;0.0;0.0;0.0;0.0;0.0;WindFarm_util1.xml;WindFarm_util2.xml
14,315;255;;300rounds;Yes;No;2;0,8;0,91288;0;0,05482;1,71288;boa-negotiator.boaframework.offeringstrategy.anac2010.Yushu_Offering-negotiator.boaframework.acceptanceconditions.anac2011.AC_NiceTitForTat-negotiator.boaframework.opponentmodel.AgentXFrequencyModel-negotiator.boaframework.omstrategy.TheFawkes_OMS@830;BayesianAgent@831;0.8000000000000002;0.9128781235485285;0.8000000000000002;0.9128781235485285;0.8000000000000002;0.0;0.0;0.0;0.8000000000000002;0.9128781235485285;WindFarm_util1.xml;WindFarm_util2.xml
1,81;224;;300rounds;Yes;No;2;0,8;0,88383;0,02905;0,07986;1,68383;BoulwareNegotiationParty@832;boa-negotiator.boaframework.offeringstrategy.anac2010.Yushu_Offering-negotiator.boaframework.acceptanceconditions.anac2011.AC_NiceTitForTat-negotiator.boaframework.opponentmodel.AgentXFrequencyModel-negotiator.boaframework.omstrategy.TheFawkes_OMS@833;0.8000000000000002;0.8838296757587033;0.8000000000000002;0.8838296757587033;0.8000000000000002;0.8838296757587033;0.0;0.0;0.8000000000000002;0.8838296757587033;WindFarm_util1.xml;WindFarm_util2.xml
0,314;44;;300rounds;Yes;No;2;0,63333;1;0;0,14028;1,63333;ConcederNegotiationParty@834;boa-negotiator.boaframework.offeringstrategy.anac2010.Yushu_Offering-negotiator.boaframework.acceptanceconditions.anac2011.AC_NiceTitForTat-negotiator.boaframework.opponentmodel.AgentXFrequencyModel-negotiator.boaframework.omstrategy.TheFawkes_OMS@835;0.6333333333333334;1.0;0.6333333333333334;1.0;0.6333333333333334;1.0;0.0;0.0;0.6333333333333334;1.0;WindFarm_util1.xml;WindFarm_util2.xml
16,991;298;;300rounds;Yes;No;2;0,66542;0,96667;0;0,35309;1,63209;BayesianAgent@836;boa-negotiator.boaframework.offeringstrategy.anac2010.Yushu_Offering-negotiator.boaframework.acceptanceconditions.anac2011.AC_NiceTitForTat-negotiator.boaframework.opponentmodel.AgentXFrequencyModel-negotiator.boaframework.omstrategy.TheFawkes_OMS@837;0.9666666666666668;0.6654190305520379;0.9666666666666668;0.6654190305520379;0.0;0.6654190305520379;0.0;0.0;0.9666666666666668;0.6654190305520379;WindFarm_util1.xml;WindFarm_util2.xml
5,159;296;;300rounds;Yes;No;2;0,70902;0,83333;0;0,25621;1,54235;boa-negotiator.boaframework.offeringstrategy.anac2010.Yushu_Offering-negotiator.boaframework.acceptanceconditions.anac2011.AC_NiceTitForTat-negotiator.boaframework.opponentmodel.AgentXFrequencyModel-negotiator.boaframework.omstrategy.TheFawkes_OMS@838;boa-negotiator.boaframework.offeringstrategy.anac2010.Yushu_Offering-negotiator.boaframework.acceptanceconditions.anac2011.AC_NiceTitForTat-negotiator.boaframework.opponentmodel.AgentXFrequencyModel-negotiator.boaframework.omstrategy.TheFawkes_OMS@839;0.8333333333333335;0.7090184720299363;0.8333333333333335;0.7090184720299363;0.8333333333333335;0.7090184720299363;0.0;0.0;0.8333333333333335;0.7090184720299363;WindFarm_util1.xml;WindFarm_util2.xml
0,154;217;;300rounds;Yes;No;2;0,8;0,85478;0,0581;0,10695;1,65478;BoulwareNegotiationParty@840;BoulwareNegotiationParty@841;0.8000000000000002;0.8547812279688783;0.8000000000000002;0.8547812279688783;0.8000000000000002;0.8547812279688783;0.0;0.0;0.8000000000000002;0.8547812279688783;WindFarm_util1.xml;WindFarm_util2.xml
0,096;133;;300rounds;Yes;No;2;0,63333;0,97095;0,02905;0,13412;1,60428;ConcederNegotiationParty@842;BoulwareNegotiationParty@843;0.6333333333333334;0.9709515522101749;0.6333333333333334;0.9709515522101749;0.6333333333333334;0.9709515522101749;0.0;0.0;0.6333333333333334;0.9709515522101749;WindFarm_util1.xml;WindFarm_util2.xml
11,791;256;;300rounds;Yes;No;2;0,66542;0,96667;0;0,35309;1,63209;BayesianAgent@844;BoulwareNegotiationParty@845;0.9666666666666668;0.6654190305520379;0.9666666666666668;0.6654190305520379;0.0;0.6654190305520379;0.0;0.0;0.9666666666666668;0.6654190305520379;WindFarm_util1.xml;WindFarm_util2.xml
2,294;214;;300rounds;Yes;No;2;0,8;0,91288;0;0,05482;1,71288;boa-negotiator.boaframework.offeringstrategy.anac2010.Yushu_Offering-negotiator.boaframework.acceptanceconditions.anac2011.AC_NiceTitForTat-negotiator.boaframework.opponentmodel.AgentXFrequencyModel-negotiator.boaframework.omstrategy.TheFawkes_OMS@846;BoulwareNegotiationParty@847;0.8000000000000002;0.9128781235485285;0.8000000000000002;0.9128781235485285;0.8000000000000002;0.9128781235485285;0.0;0.0;0.8000000000000002;0.9128781235485285;WindFarm_util1.xml;WindFarm_util2.xml
0,044;60;;300rounds;Yes;No;2;0,5638;1;0,0581;0,45671;1,5638;BoulwareNegotiationParty@848;ConcederNegotiationParty@849;1.0;0.5637996999988143;1.0;0.5637996999988143;1.0;0.5637996999988143;0.0;0.0;1.0;0.5637996999988143;WindFarm_util1.xml;WindFarm_util2.xml
0,01;13;;300rounds;Yes;No;2;0,8;0,85478;0,0581;0,10695;1,65478;ConcederNegotiationParty@850;ConcederNegotiationParty@851;0.8000000000000002;0.8547812279688783;0.8000000000000002;0.8547812279688783;0.8000000000000002;0.8547812279688783;0.0;0.0;0.8000000000000002;0.8547812279688783;WindFarm_util1.xml;WindFarm_util2.xml
0,391;12;;300rounds;Yes;No;2;0,63333;1;0;0,14028;1,63333;BayesianAgent@852;ConcederNegotiationParty@853;0.6333333333333334;1.0;0.6333333333333334;1.0;0.0;1.0;0.0;0.0;0.6333333333333334;1.0;WindFarm_util1.xml;WindFarm_util2.xml
0,381;46;;300rounds;Yes;No;2;0,6219;1;0;0,40784;1,6219;boa-negotiator.boaframework.offeringstrategy.anac2010.Yushu_Offering-negotiator.boaframework.acceptanceconditions.anac2011.AC_NiceTitForTat-negotiator.boaframework.opponentmodel.AgentXFrequencyModel-negotiator.boaframework.omstrategy.TheFawkes_OMS@854;ConcederNegotiationParty@855;1.0;0.6218965955784647;1.0;0.6218965955784647;1.0;0.6218965955784647;0.0;0.0;1.0;0.6218965955784647;WindFarm_util1.xml;WindFarm_util2.xml
8,334;205;;300rounds;Yes;No;2;0,54915;1;0,07275;0,46936;1,54915;BoulwareNegotiationParty@856;BayesianAgent@857;1.0;0.5491512135859488;1.0;0.5491512135859488;1.0;0.0;0.0;0.0;1.0;0.5491512135859488;WindFarm_util1.xml;WindFarm_util2.xml
0,665;23;;300rounds;Yes;No;2;0,8;0,88383;0,02905;0,07986;1,68383;ConcederNegotiationParty@858;BayesianAgent@859;0.8000000000000002;0.8838296757587033;0.8000000000000002;0.8838296757587033;0.8000000000000002;0.0;0.0;0.0;0.8000000000000002;0.8838296757587033;WindFarm_util1.xml;WindFarm_util2.xml
31,132;301;;300rounds;No;No;1;0;0;1,0927;1,22576;0;BayesianAgent@860;BayesianAgent@861;0.0;0.0;0.0;0.0;0.0;0.0;0.0;0.0;0.0;0.0;WindFarm_util1.xml;WindFarm_util2.xml
14,294;255;;300rounds;Yes;No;2;0,8;0,91288;0;0,05482;1,71288;boa-negotiator.boaframework.offeringstrategy.anac2010.Yushu_Offering-negotiator.boaframework.acceptanceconditions.anac2011.AC_NiceTitForTat-negotiator.boaframework.opponentmodel.AgentXFrequencyModel-negotiator.boaframework.omstrategy.TheFawkes_OMS@862;BayesianAgent@863;0.8000000000000002;0.9128781235485285;0.8000000000000002;0.9128781235485285;0.8000000000000002;0.0;0.0;0.0;0.8000000000000002;0.9128781235485285;WindFarm_util1.xml;WindFarm_util2.xml
1,808;224;;300rounds;Yes;No;2;0,8;0,88383;0,02905;0,07986;1,68383;BoulwareNegotiationParty@864;boa-negotiator.boaframework.offeringstrategy.anac2010.Yushu_Offering-negotiator.boaframework.acceptanceconditions.anac2011.AC_NiceTitForTat-negotiator.boaframework.opponentmodel.AgentXFrequencyModel-negotiator.boaframework.omstrategy.TheFawkes_OMS@865;0.8000000000000002;0.8838296757587033;0.8000000000000002;0.8838296757587033;0.8000000000000002;0.8838296757587033;0.0;0.0;0.8000000000000002;0.8838296757587033;WindFarm_util1.xml;WindFarm_util2.xml
0,306;44;;300rounds;Yes;No;2;0,63333;1;0;0,14028;1,63333;ConcederNegotiationParty@866;boa-negotiator.boaframework.offeringstrategy.anac2010.Yushu_Offering-negotiator.boaframework.acceptanceconditions.anac2011.AC_NiceTitForTat-negotiator.boaframework.opponentmodel.AgentXFrequencyModel-negotiator.boaframework.omstrategy.TheFawkes_OMS@867;0.6333333333333334;1.0;0.6333333333333334;1.0;0.6333333333333334;1.0;0.0;0.0;0.6333333333333334;1.0;WindFarm_util1.xml;WindFarm_util2.xml
17,259;298;;300rounds;Yes;No;2;0,66542;0,96667;0;0,35309;1,63209;BayesianAgent@868;boa-negotiator.boaframework.offeringstrategy.anac2010.Yushu_Offering-negotiator.boaframework.acceptanceconditions.anac2011.AC_NiceTitForTat-negotiator.boaframework.opponentmodel.AgentXFrequencyModel-negotiator.boaframework.omstrategy.TheFawkes_OMS@869;0.9666666666666668;0.6654190305520379;0.9666666666666668;0.6654190305520379;0.0;0.6654190305520379;0.0;0.0;0.9666666666666668;0.6654190305520379;WindFarm_util1.xml;WindFarm_util2.xml
5,145;296;;300rounds;Yes;No;2;0,70902;0,83333;0;0,25621;1,54235;boa-negotiator.boaframework.offeringstrategy.anac2010.Yushu_Offering-negotiator.boaframework.acceptanceconditions.anac2011.AC_NiceTitForTat-negotiator.boaframework.opponentmodel.AgentXFrequencyModel-negotiator.boaframework.omstrategy.TheFawkes_OMS@870;boa-negotiator.boaframework.offeringstrategy.anac2010.Yushu_Offering-negotiator.boaframework.acceptanceconditions.anac2011.AC_NiceTitForTat-negotiator.boaframework.opponentmodel.AgentXFrequencyModel-negotiator.boaframework.omstrategy.TheFawkes_OMS@871;0.8333333333333335;0.7090184720299363;0.8333333333333335;0.7090184720299363;0.8333333333333335;0.7090184720299363;0.0;0.0;0.8333333333333335;0.7090184720299363;WindFarm_util1.xml;WindFarm_util2.xml
0,154;217;;300rounds;Yes;No;2;0,8;0,85478;0,0581;0,10695;1,65478;BoulwareNegotiationParty@872;BoulwareNegotiationParty@873;0.8000000000000002;0.8547812279688783;0.8000000000000002;0.8547812279688783;0.8000000000000002;0.8547812279688783;0.0;0.0;0.8000000000000002;0.8547812279688783;WindFarm_util1.xml;WindFarm_util2.xml
0,097;133;;300rounds;Yes;No;2;0,63333;0,97095;0,02905;0,13412;1,60428;ConcederNegotiationParty@874;BoulwareNegotiationParty@875;0.6333333333333334;0.9709515522101749;0.6333333333333334;0.9709515522101749;0.6333333333333334;0.9709515522101749;0.0;0.0;0.6333333333333334;0.9709515522101749;WindFarm_util1.xml;WindFarm_util2.xml
11,916;256;;300rounds;Yes;No;2;0,66542;0,96667;0;0,35309;1,63209;BayesianAgent@876;BoulwareNegotiationParty@877;0.9666666666666668;0.6654190305520379;0.9666666666666668;0.6654190305520379;0.0;0.6654190305520379;0.0;0.0;0.9666666666666668;0.6654190305520379;WindFarm_util1.xml;WindFarm_util2.xml
2,297;214;;300rounds;Yes;No;2;0,8;0,91288;0;0,05482;1,71288;boa-negotiator.boaframework.offeringstrategy.anac2010.Yushu_Offering-negotiator.boaframework.acceptanceconditions.anac2011.AC_NiceTitForTat-negotiator.boaframework.opponentmodel.AgentXFrequencyModel-negotiator.boaframework.omstrategy.TheFawkes_OMS@878;BoulwareNegotiationParty@879;0.8000000000000002;0.9128781235485285;0.8000000000000002;0.9128781235485285;0.8000000000000002;0.9128781235485285;0.0;0.0;0.8000000000000002;0.9128781235485285;WindFarm_util1.xml;WindFarm_util2.xml
0,043;60;;300rounds;Yes;No;2;0,5638;1;0,0581;0,45671;1,5638;BoulwareNegotiationParty@880;ConcederNegotiationParty@881;1.0;0.5637996999988143;1.0;0.5637996999988143;1.0;0.5637996999988143;0.0;0.0;1.0;0.5637996999988143;WindFarm_util1.xml;WindFarm_util2.xml
0,012;13;;300rounds;Yes;No;2;0,8;0,85478;0,0581;0,10695;1,65478;ConcederNegotiationParty@882;ConcederNegotiationParty@883;0.8000000000000002;0.8547812279688783;0.8000000000000002;0.8547812279688783;0.8000000000000002;0.8547812279688783;0.0;0.0;0.8000000000000002;0.8547812279688783;WindFarm_util1.xml;WindFarm_util2.xml
0,391;12;;300rounds;Yes;No;2;0,63333;1;0;0,14028;1,63333;BayesianAgent@884;ConcederNegotiationParty@885;0.6333333333333334;1.0;0.6333333333333334;1.0;0.0;1.0;0.0;0.0;0.6333333333333334;1.0;WindFarm_util1.xml;WindFarm_util2.xml
0,376;46;;300rounds;Yes;No;2;0,6219;1;0;0,40784;1,6219;boa-negotiator.boaframework.offeringstrategy.anac2010.Yushu_Offering-negotiator.boaframework.acceptanceconditions.anac2011.AC_NiceTitForTat-negotiator.boaframework.opponentmodel.AgentXFrequencyModel-negotiator.boaframework.omstrategy.TheFawkes_OMS@886;ConcederNegotiationParty@887;1.0;0.6218965955784647;1.0;0.6218965955784647;1.0;0.6218965955784647;0.0;0.0;1.0;0.6218965955784647;WindFarm_util1.xml;WindFarm_util2.xml
8,271;205;;300rounds;Yes;No;2;0,54915;1;0,07275;0,46936;1,54915;BoulwareNegotiationParty@888;BayesianAgent@889;1.0;0.5491512135859488;1.0;0.5491512135859488;1.0;0.0;0.0;0.0;1.0;0.5491512135859488;WindFarm_util1.xml;WindFarm_util2.xml
0,663;23;;300rounds;Yes;No;2;0,8;0,88383;0,02905;0,07986;1,68383;ConcederNegotiationParty@890;BayesianAgent@891;0.8000000000000002;0.8838296757587033;0.8000000000000002;0.8838296757587033;0.8000000000000002;0.0;0.0;0.0;0.8000000000000002;0.8838296757587033;WindFarm_util1.xml;WindFarm_util2.xml
31,545;301;;300rounds;No;No;1;0;0;1,0927;1,22576;0;BayesianAgent@892;BayesianAgent@893;0.0;0.0;0.0;0.0;0.0;0.0;0.0;0.0;0.0;0.0;WindFarm_util1.xml;WindFarm_util2.xml
14,342;255;;300rounds;Yes;No;2;0,8;0,91288;0;0,05482;1,71288;boa-negotiator.boaframework.offeringstrategy.anac2010.Yushu_Offering-negotiator.boaframework.acceptanceconditions.anac2011.AC_NiceTitForTat-negotiator.boaframework.opponentmodel.AgentXFrequencyModel-negotiator.boaframework.omstrategy.TheFawkes_OMS@894;BayesianAgent@895;0.8000000000000002;0.9128781235485285;0.8000000000000002;0.9128781235485285;0.8000000000000002;0.0;0.0;0.0;0.8000000000000002;0.9128781235485285;WindFarm_util1.xml;WindFarm_util2.xml
1,791;224;;300rounds;Yes;No;2;0,8;0,88383;0,02905;0,07986;1,68383;BoulwareNegotiationParty@896;boa-negotiator.boaframework.offeringstrategy.anac2010.Yushu_Offering-negotiator.boaframework.acceptanceconditions.anac2011.AC_NiceTitForTat-negotiator.boaframework.opponentmodel.AgentXFrequencyModel-negotiator.boaframework.omstrategy.TheFawkes_OMS@897;0.8000000000000002;0.8838296757587033;0.8000000000000002;0.8838296757587033;0.8000000000000002;0.8838296757587033;0.0;0.0;0.8000000000000002;0.8838296757587033;WindFarm_util1.xml;WindFarm_util2.xml
0,313;44;;300rounds;Yes;No;2;0,63333;1;0;0,14028;1,63333;ConcederNegotiationParty@898;boa-negotiator.boaframework.offeringstrategy.anac2010.Yushu_Offering-negotiator.boaframework.acceptanceconditions.anac2011.AC_NiceTitForTat-negotiator.boaframework.opponentmodel.AgentXFrequencyModel-negotiator.boaframework.omstrategy.TheFawkes_OMS@899;0.6333333333333334;1.0;0.6333333333333334;1.0;0.6333333333333334;1.0;0.0;0.0;0.6333333333333334;1.0;WindFarm_util1.xml;WindFarm_util2.xml
17,24;298;;300rounds;Yes;No;2;0,66542;0,96667;0;0,35309;1,63209;BayesianAgent@900;boa-negotiator.boaframework.offeringstrategy.anac2010.Yushu_Offering-negotiator.boaframework.acceptanceconditions.anac2011.AC_NiceTitForTat-negotiator.boaframework.opponentmodel.AgentXFrequencyModel-negotiator.boaframework.omstrategy.TheFawkes_OMS@901;0.9666666666666668;0.6654190305520379;0.9666666666666668;0.6654190305520379;0.0;0.6654190305520379;0.0;0.0;0.9666666666666668;0.6654190305520379;WindFarm_util1.xml;WindFarm_util2.xml
5,107;296;;300rounds;Yes;No;2;0,70902;0,83333;0;0,25621;1,54235;boa-negotiator.boaframework.offeringstrategy.anac2010.Yushu_Offering-negotiator.boaframework.acceptanceconditions.anac2011.AC_NiceTitForTat-negotiator.boaframework.opponentmodel.AgentXFrequencyModel-negotiator.boaframework.omstrategy.TheFawkes_OMS@902;boa-negotiator.boaframework.offeringstrategy.anac2010.Yushu_Offering-negotiator.boaframework.acceptanceconditions.anac2011.AC_NiceTitForTat-negotiator.boaframework.opponentmodel.AgentXFrequencyModel-negotiator.boaframework.omstrategy.TheFawkes_OMS@903;0.8333333333333335;0.7090184720299363;0.8333333333333335;0.7090184720299363;0.8333333333333335;0.7090184720299363;0.0;0.0;0.8333333333333335;0.7090184720299363;WindFarm_util1.xml;WindFarm_util2.xml
0,162;217;;300rounds;Yes;No;2;0,8;0,85478;0,0581;0,10695;1,65478;BoulwareNegotiationParty@904;BoulwareNegotiationParty@905;0.8000000000000002;0.8547812279688783;0.8000000000000002;0.8547812279688783;0.8000000000000002;0.8547812279688783;0.0;0.0;0.8000000000000002;0.8547812279688783;WindFarm_util1.xml;WindFarm_util2.xml
0,098;133;;300rounds;Yes;No;2;0,63333;0,97095;0,02905;0,13412;1,60428;ConcederNegotiationParty@906;BoulwareNegotiationParty@907;0.6333333333333334;0.9709515522101749;0.6333333333333334;0.9709515522101749;0.6333333333333334;0.9709515522101749;0.0;0.0;0.6333333333333334;0.9709515522101749;WindFarm_util1.xml;WindFarm_util2.xml
11,635;256;;300rounds;Yes;No;2;0,66542;0,96667;0;0,35309;1,63209;BayesianAgent@908;BoulwareNegotiationParty@909;0.9666666666666668;0.6654190305520379;0.9666666666666668;0.6654190305520379;0.0;0.6654190305520379;0.0;0.0;0.9666666666666668;0.6654190305520379;WindFarm_util1.xml;WindFarm_util2.xml
2,293;214;;300rounds;Yes;No;2;0,8;0,91288;0;0,05482;1,71288;boa-negotiator.boaframework.offeringstrategy.anac2010.Yushu_Offering-negotiator.boaframework.acceptanceconditions.anac2011.AC_NiceTitForTat-negotiator.boaframework.opponentmodel.AgentXFrequencyModel-negotiator.boaframework.omstrategy.TheFawkes_OMS@910;BoulwareNegotiationParty@911;0.8000000000000002;0.9128781235485285;0.8000000000000002;0.9128781235485285;0.8000000000000002;0.9128781235485285;0.0;0.0;0.8000000000000002;0.9128781235485285;WindFarm_util1.xml;WindFarm_util2.xml
0,043;60;;300rounds;Yes;No;2;0,5638;1;0,0581;0,45671;1,5638;BoulwareNegotiationParty@912;ConcederNegotiationParty@913;1.0;0.5637996999988143;1.0;0.5637996999988143;1.0;0.5637996999988143;0.0;0.0;1.0;0.5637996999988143;WindFarm_util1.xml;WindFarm_util2.xml
0,012;13;;300rounds;Yes;No;2;0,8;0,85478;0,0581;0,10695;1,65478;ConcederNegotiationParty@914;ConcederNegotiationParty@915;0.8000000000000002;0.8547812279688783;0.8000000000000002;0.8547812279688783;0.8000000000000002;0.8547812279688783;0.0;0.0;0.8000000000000002;0.8547812279688783;WindFarm_util1.xml;WindFarm_util2.xml
0,391;12;;300rounds;Yes;No;2;0,63333;1;0;0,14028;1,63333;BayesianAgent@916;ConcederNegotiationParty@917;0.6333333333333334;1.0;0.6333333333333334;1.0;0.0;1.0;0.0;0.0;0.6333333333333334;1.0;WindFarm_util1.xml;WindFarm_util2.xml
0,377;46;;300rounds;Yes;No;2;0,6219;1;0;0,40784;1,6219;boa-negotiator.boaframework.offeringstrategy.anac2010.Yushu_Offering-negotiator.boaframework.acceptanceconditions.anac2011.AC_NiceTitForTat-negotiator.boaframework.opponentmodel.AgentXFrequencyModel-negotiator.boaframework.omstrategy.TheFawkes_OMS@918;ConcederNegotiationParty@919;1.0;0.6218965955784647;1.0;0.6218965955784647;1.0;0.6218965955784647;0.0;0.0;1.0;0.6218965955784647;WindFarm_util1.xml;WindFarm_util2.xml
8,335;205;;300rounds;Yes;No;2;0,54915;1;0,07275;0,46936;1,54915;BoulwareNegotiationParty@920;BayesianAgent@921;1.0;0.5491512135859488;1.0;0.5491512135859488;1.0;0.0;0.0;0.0;1.0;0.5491512135859488;WindFarm_util1.xml;WindFarm_util2.xml
0,665;23;;300rounds;Yes;No;2;0,8;0,88383;0,02905;0,07986;1,68383;ConcederNegotiationParty@922;BayesianAgent@923;0.8000000000000002;0.8838296757587033;0.8000000000000002;0.8838296757587033;0.8000000000000002;0.0;0.0;0.0;0.8000000000000002;0.8838296757587033;WindFarm_util1.xml;WindFarm_util2.xml
30,739;301;;300rounds;No;No;1;0;0;1,0927;1,22576;0;BayesianAgent@924;BayesianAgent@925;0.0;0.0;0.0;0.0;0.0;0.0;0.0;0.0;0.0;0.0;WindFarm_util1.xml;WindFarm_util2.xml
14,13;255;;300rounds;Yes;No;2;0,8;0,91288;0;0,05482;1,71288;boa-negotiator.boaframework.offeringstrategy.anac2010.Yushu_Offering-negotiator.boaframework.acceptanceconditions.anac2011.AC_NiceTitForTat-negotiator.boaframework.opponentmodel.AgentXFrequencyModel-negotiator.boaframework.omstrategy.TheFawkes_OMS@926;BayesianAgent@927;0.8000000000000002;0.9128781235485285;0.8000000000000002;0.9128781235485285;0.8000000000000002;0.0;0.0;0.0;0.8000000000000002;0.9128781235485285;WindFarm_util1.xml;WindFarm_util2.xml
1,796;224;;300rounds;Yes;No;2;0,8;0,88383;0,02905;0,07986;1,68383;BoulwareNegotiationParty@928;boa-negotiator.boaframework.offeringstrategy.anac2010.Yushu_Offering-negotiator.boaframework.acceptanceconditions.anac2011.AC_NiceTitForTat-negotiator.boaframework.opponentmodel.AgentXFrequencyModel-negotiator.boaframework.omstrategy.TheFawkes_OMS@929;0.8000000000000002;0.8838296757587033;0.8000000000000002;0.8838296757587033;0.8000000000000002;0.8838296757587033;0.0;0.0;0.8000000000000002;0.8838296757587033;WindFarm_util1.xml;WindFarm_util2.xml
0,314;44;;300rounds;Yes;No;2;0,63333;1;0;0,14028;1,63333;ConcederNegotiationParty@930;boa-negotiator.boaframework.offeringstrategy.anac2010.Yushu_Offering-negotiator.boaframework.acceptanceconditions.anac2011.AC_NiceTitForTat-negotiator.boaframework.opponentmodel.AgentXFrequencyModel-negotiator.boaframework.omstrategy.TheFawkes_OMS@931;0.6333333333333334;1.0;0.6333333333333334;1.0;0.6333333333333334;1.0;0.0;0.0;0.6333333333333334;1.0;WindFarm_util1.xml;WindFarm_util2.xml
17,016;298;;300rounds;Yes;No;2;0,66542;0,96667;0;0,35309;1,63209;BayesianAgent@932;boa-negotiator.boaframework.offeringstrategy.anac2010.Yushu_Offering-negotiator.boaframework.acceptanceconditions.anac2011.AC_NiceTitForTat-negotiator.boaframework.opponentmodel.AgentXFrequencyModel-negotiator.boaframework.omstrategy.TheFawkes_OMS@933;0.9666666666666668;0.6654190305520379;0.9666666666666668;0.6654190305520379;0.0;0.6654190305520379;0.0;0.0;0.9666666666666668;0.6654190305520379;WindFarm_util1.xml;WindFarm_util2.xml
5,108;296;;300rounds;Yes;No;2;0,70902;0,83333;0;0,25621;1,54235;boa-negotiator.boaframework.offeringstrategy.anac2010.Yushu_Offering-negotiator.boaframework.acceptanceconditions.anac2011.AC_NiceTitForTat-negotiator.boaframework.opponentmodel.AgentXFrequencyModel-negotiator.boaframework.omstrategy.TheFawkes_OMS@934;boa-negotiator.boaframework.offeringstrategy.anac2010.Yushu_Offering-negotiator.boaframework.acceptanceconditions.anac2011.AC_NiceTitForTat-negotiator.boaframework.opponentmodel.AgentXFrequencyModel-negotiator.boaframework.omstrategy.TheFawkes_OMS@935;0.8333333333333335;0.7090184720299363;0.8333333333333335;0.7090184720299363;0.8333333333333335;0.7090184720299363;0.0;0.0;0.8333333333333335;0.7090184720299363;WindFarm_util1.xml;WindFarm_util2.xml
0,161;217;;300rounds;Yes;No;2;0,8;0,85478;0,0581;0,10695;1,65478;BoulwareNegotiationParty@936;BoulwareNegotiationParty@937;0.8000000000000002;0.8547812279688783;0.8000000000000002;0.8547812279688783;0.8000000000000002;0.8547812279688783;0.0;0.0;0.8000000000000002;0.8547812279688783;WindFarm_util1.xml;WindFarm_util2.xml
0,096;133;;300rounds;Yes;No;2;0,63333;0,97095;0,02905;0,13412;1,60428;ConcederNegotiationParty@938;BoulwareNegotiationParty@939;0.6333333333333334;0.9709515522101749;0.6333333333333334;0.9709515522101749;0.6333333333333334;0.9709515522101749;0.0;0.0;0.6333333333333334;0.9709515522101749;WindFarm_util1.xml;WindFarm_util2.xml
11,792;256;;300rounds;Yes;No;2;0,66542;0,96667;0;0,35309;1,63209;BayesianAgent@940;BoulwareNegotiationParty@941;0.9666666666666668;0.6654190305520379;0.9666666666666668;0.6654190305520379;0.0;0.6654190305520379;0.0;0.0;0.9666666666666668;0.6654190305520379;WindFarm_util1.xml;WindFarm_util2.xml
2,292;214;;300rounds;Yes;No;2;0,8;0,91288;0;0,05482;1,71288;boa-negotiator.boaframework.offeringstrategy.anac2010.Yushu_Offering-negotiator.boaframework.acceptanceconditions.anac2011.AC_NiceTitForTat-negotiator.boaframework.opponentmodel.AgentXFrequencyModel-negotiator.boaframework.omstrategy.TheFawkes_OMS@942;BoulwareNegotiationParty@943;0.8000000000000002;0.9128781235485285;0.8000000000000002;0.9128781235485285;0.8000000000000002;0.9128781235485285;0.0;0.0;0.8000000000000002;0.9128781235485285;WindFarm_util1.xml;WindFarm_util2.xml
0,045;60;;300rounds;Yes;No;2;0,5638;1;0,0581;0,45671;1,5638;BoulwareNegotiationParty@944;ConcederNegotiationParty@945;1.0;0.5637996999988143;1.0;0.5637996999988143;1.0;0.5637996999988143;0.0;0.0;1.0;0.5637996999988143;WindFarm_util1.xml;WindFarm_util2.xml
0,012;13;;300rounds;Yes;No;2;0,8;0,85478;0,0581;0,10695;1,65478;ConcederNegotiationParty@946;ConcederNegotiationParty@947;0.8000000000000002;0.8547812279688783;0.8000000000000002;0.8547812279688783;0.8000000000000002;0.8547812279688783;0.0;0.0;0.8000000000000002;0.8547812279688783;WindFarm_util1.xml;WindFarm_util2.xml
0,394;12;;300rounds;Yes;No;2;0,63333;1;0;0,14028;1,63333;BayesianAgent@948;ConcederNegotiationParty@949;0.6333333333333334;1.0;0.6333333333333334;1.0;0.0;1.0;0.0;0.0;0.6333333333333334;1.0;WindFarm_util1.xml;WindFarm_util2.xml
0,376;46;;300rounds;Yes;No;2;0,6219;1;0;0,40784;1,6219;boa-negotiator.boaframework.offeringstrategy.anac2010.Yushu_Offering-negotiator.boaframework.acceptanceconditions.anac2011.AC_NiceTitForTat-negotiator.boaframework.opponentmodel.AgentXFrequencyModel-negotiator.boaframework.omstrategy.TheFawkes_OMS@950;ConcederNegotiationParty@951;1.0;0.6218965955784647;1.0;0.6218965955784647;1.0;0.6218965955784647;0.0;0.0;1.0;0.6218965955784647;WindFarm_util1.xml;WindFarm_util2.xml
8,28;205;;300rounds;Yes;No;2;0,54915;1;0,07275;0,46936;1,54915;BoulwareNegotiationParty@952;BayesianAgent@953;1.0;0.5491512135859488;1.0;0.5491512135859488;1.0;0.0;0.0;0.0;1.0;0.5491512135859488;WindFarm_util1.xml;WindFarm_util2.xml
0,667;23;;300rounds;Yes;No;2;0,8;0,88383;0,02905;0,07986;1,68383;ConcederNegotiationParty@954;BayesianAgent@955;0.8000000000000002;0.8838296757587033;0.8000000000000002;0.8838296757587033;0.8000000000000002;0.0;0.0;0.0;0.8000000000000002;0.8838296757587033;WindFarm_util1.xml;WindFarm_util2.xml
31,309;301;;300rounds;No;No;1;0;0;1,0927;1,22576;0;BayesianAgent@956;BayesianAgent@957;0.0;0.0;0.0;0.0;0.0;0.0;0.0;0.0;0.0;0.0;WindFarm_util1.xml;WindFarm_util2.xml
14,091;255;;300rounds;Yes;No;2;0,8;0,91288;0;0,05482;1,71288;boa-negotiator.boaframework.offeringstrategy.anac2010.Yushu_Offering-negotiator.boaframework.acceptanceconditions.anac2011.AC_NiceTitForTat-negotiator.boaframework.opponentmodel.AgentXFrequencyModel-negotiator.boaframework.omstrategy.TheFawkes_OMS@958;BayesianAgent@959;0.8000000000000002;0.9128781235485285;0.8000000000000002;0.9128781235485285;0.8000000000000002;0.0;0.0;0.0;0.8000000000000002;0.9128781235485285;WindFarm_util1.xml;WindFarm_util2.xml
1,797;224;;300rounds;Yes;No;2;0,8;0,88383;0,02905;0,07986;1,68383;BoulwareNegotiationParty@960;boa-negotiator.boaframework.offeringstrategy.anac2010.Yushu_Offering-negotiator.boaframework.acceptanceconditions.anac2011.AC_NiceTitForTat-negotiator.boaframework.opponentmodel.AgentXFrequencyModel-negotiator.boaframework.omstrategy.TheFawkes_OMS@961;0.8000000000000002;0.8838296757587033;0.8000000000000002;0.8838296757587033;0.8000000000000002;0.8838296757587033;0.0;0.0;0.8000000000000002;0.8838296757587033;WindFarm_util1.xml;WindFarm_util2.xml
0,313;44;;300rounds;Yes;No;2;0,63333;1;0;0,14028;1,63333;ConcederNegotiationParty@962;boa-negotiator.boaframework.offeringstrategy.anac2010.Yushu_Offering-negotiator.boaframework.acceptanceconditions.anac2011.AC_NiceTitForTat-negotiator.boaframework.opponentmodel.AgentXFrequencyModel-negotiator.boaframework.omstrategy.TheFawkes_OMS@963;0.6333333333333334;1.0;0.6333333333333334;1.0;0.6333333333333334;1.0;0.0;0.0;0.6333333333333334;1.0;WindFarm_util1.xml;WindFarm_util2.xml
17,263;298;;300rounds;Yes;No;2;0,66542;0,96667;0;0,35309;1,63209;BayesianAgent@964;boa-negotiator.boaframework.offeringstrategy.anac2010.Yushu_Offering-negotiator.boaframework.acceptanceconditions.anac2011.AC_NiceTitForTat-negotiator.boaframework.opponentmodel.AgentXFrequencyModel-negotiator.boaframework.omstrategy.TheFawkes_OMS@965;0.9666666666666668;0.6654190305520379;0.9666666666666668;0.6654190305520379;0.0;0.6654190305520379;0.0;0.0;0.9666666666666668;0.6654190305520379;WindFarm_util1.xml;WindFarm_util2.xml
5,129;296;;300rounds;Yes;No;2;0,70902;0,83333;0;0,25621;1,54235;boa-negotiator.boaframework.offeringstrategy.anac2010.Yushu_Offering-negotiator.boaframework.acceptanceconditions.anac2011.AC_NiceTitForTat-negotiator.boaframework.opponentmodel.AgentXFrequencyModel-negotiator.boaframework.omstrategy.TheFawkes_OMS@966;boa-negotiator.boaframework.offeringstrategy.anac2010.Yushu_Offering-negotiator.boaframework.acceptanceconditions.anac2011.AC_NiceTitForTat-negotiator.boaframework.opponentmodel.AgentXFrequencyModel-negotiator.boaframework.omstrategy.TheFawkes_OMS@967;0.8333333333333335;0.7090184720299363;0.8333333333333335;0.7090184720299363;0.8333333333333335;0.7090184720299363;0.0;0.0;0.8333333333333335;0.7090184720299363;WindFarm_util1.xml;WindFarm_util2.xml
